<?xml version="1.0" encoding="UTF-8" ?>
<task position="left" id="1" subject_code="RL">
	<title>Billy Budd, Sailor</title>
	<grade_levels start="11" stop="12">11-CCR</grade_levels>
	<quantitative>4</quantitative>
	<qualitative>0.5</qualitative>
	<sample_text>
		<title><![CDATA[Melville, Herman. <i>Billy Budd, Sailor</i>. New York: Penguin, 1986. (1886) From Chapter 26]]></title>
		<text><![CDATA[<p>At sea in the old time, the execution by halter of a military sailor was generally from the fore-yard. In the present instance, for special reasons the main-yard was assigned. Under an arm of that lee-yard the prisoner was presently brought up, the Chaplain attending him. It was noted at the time and remarked upon afterwards, that in this final scene the good man evinced little or nothing of the perfunctory. Brief speech indeed he had with the condemned one, but the genuine Gospel was less on his tongue than in his aspect and manner towards him. The final prepara- tions personal to the latter being speedily brought to an end by two boatswain&#x27;s mates, the consummation impended. Billy stood facing aft. At the penultimate moment, his words, his only ones, words wholly unobstructed in the ut- terance were these -- &quot;God bless Captain Vere!&quot; Syllables so unanticipated coming from one with the ignominious hemp about his neck -- a conventional felon&#x27;s benediction directed aft towards the quarters of honor; syllables too delivered in the clear melody of a singing-bird on the point of launching from the twig, had a phenomenal effect, not unenhanced by the rare personal beauty of the young sailor spiritualized now thro&#x27; late experiences so poignantly profound.</p>
<p>Without volition as it were, as if indeed the ship&#x27;s populace were but the vehicles of some vocal current electric, with one voice from alow and aloft came a resonant sympathetic echo -- &quot;God bless Captain Vere!&quot; And yet at that instant Billy alone must have been in their hearts, even as he was in their eyes.</p>
<p>At the pronounced words and the spontaneous echo that voluminously rebounded them, Captain Vere, either thro&#x27; stoic self-control or a sort of momentary paralysis induced by emotional shock, stood erectly rigid as a musket in the ship-armorer&#x27;s rack.</p>
<p>The hull deliberately recovering from the periodic roll to leeward was just regaining an even keel, when the last signal, a preconcerted dumb one, was given. At the same moment it chanced that the vapory fleece hanging low in the East, was shot thro&#x27; with a soft glory as of the fleece of the Lamb of God seen in mystical vision, and simultaneously there- with, watched by the wedged mass of upturned faces, Billy ascended; and, ascending, took the full rose of the dawn.</p>
<p>In the pinioned figure, arrived at the yard-end, to the wonder of all no motion was apparent, none save that created by the ship&#x27;s motion, in moderate weather so majestic in a great ship ponderously cannoned.</p>]]>
		</text>
	</sample_text>
	<performance_tasks>
		<task>Students provide an objective summary of Henry David Thoreau's Walden wherein they analyze how he ar- ticulates the central ideas of living simply and being self-reliant and how those ideas interact and build on one another (e.g., "According to Thoreau, how specifically does moving toward complexity in one's life undermine self-reliance?")</task>
	</performance_tasks>
</task>