<?xml version="1.0" encoding="UTF-8" ?>
<task position="left" id="4" subject_code="RL">
	<title>I, Too, Sing America</title>
	<grade_levels start="6" stop="8">6-8</grade_levels>
	<quantitative>3</quantitative>
	<qualitative>0.5</qualitative>
	<sample_text>
		<title><![CDATA[Hughes, Langston. "I, Too, Sing America." <i>The Collected Poems of Langston Hughes</i>. New York: Knopf, 1994. (1925)]]></title>
		<text><![CDATA[ ]]>
		</text>
	</sample_text>
	<performance_tasks>
		<task></task>
	</performance_tasks>
</task>