<?xml version="1.0" encoding="UTF-8" ?>
<task position="left" id="3" subject_code="RL">
	<title>To Kill a Mockingbird</title>
	<grade_levels start="9" stop="10">9-10</grade_levels>
	<quantitative>4</quantitative>
	<qualitative>0</qualitative>
	<sample_text>
		<title><![CDATA[Lee, Harper. <i>To Kill A Mockingbird</i>. New York: HarperCollins Publishers, 2006. (1960)<br/>From Chapter One]]></title>
		<text>
		<![CDATA[<p>When he was nearly thirteen, my brother Jem got his arm badly broken at the elbow. When it healed, and Jem's fears of never being able to play football were assuaged, he was seldom self-conscious about his injury. His left arm was somewhat shorter than his right; when he stood or walked, the back of his hand was at right angles to his body, his thumb parallel to his thigh. He couldn't have cared less, so long as he could pass and punt.</p>
<p>When enough years had gone by to enable us to look back on them, we sometimes discussed the events leading to his accident. I maintain that the Ewells started it all, but Jem, who was four years my senior, said it started long before that. He said it began the summer Dill came to us, when Dill first gave us the idea of making Boo Radley come out.</p>
<p>I said if he wanted to take a broad view of the thing, it really began with Andrew Jackson. If General Jackson hadn't run the Creeks up the creek, Simon Finch would never have paddled up the Alabama, and where would we be if he hadn't? We were far too old to settle an argument with a fist-fight, so we consulted Atticus. Our father said we were both right.</p>]]>
		</text>
	</sample_text>
	<performance_tasks>
		<task></task>
	</performance_tasks>
</task>