<?xml version="1.0" encoding="UTF-8" ?>
<task position="right" id="2" subject_code="RI">
	<title>Walden</title>
	<grade_levels start="9" stop="10">9-10</grade_levels>
	<quantitative>4</quantitative>
	<qualitative>0</qualitative>
	<sample_text>
		<title><![CDATA[Thoreau, Henry David. <i>Walden; or, Life in the Woods</i>. Boston: Houghton, 1893. (1854)]]></title>
		<text>
			<![CDATA[<p>I went to the woods because I wished to live deliberately, to front only the essential facts of life, and see if I could not learn what it had to teach, and not, when I came to die, discover that I had not lived. I did not wish to live what was not life, living is so dear; nor did I wish to practise resignation, unless it was quite necessary. I wanted to live deep and suck out all the marrow of life, to live so sturdily and Spartan-like as to put to rout all that was not life, to cut a broad swath and shave close, to drive life into a corner, and reduce it to its lowest terms, and, if it proved to be mean, why then to get the whole and genuine meanness of it, and publish its meanness to the world; or if it were sublime, to know it by experience, and be able to give a true account of it in my next excursion. For most men, it appears to me, are in a strange uncertainty about it, whether it is of the devil or of God, and have somewhat hastily concluded that it is the chief end of man here to "glorify God and enjoy him forever."<p>]]>
		</text>
	</sample_text>
	<performance_tasks>
		<task>Students provide an objective summary of Henry David Thoreau's Walden wherein they analyze how he ar- ticulates the central ideas of living simply and being self-reliant and how those ideas interact and build on one another (e.g., "According to Thoreau, how specifically does moving toward complexity in one's life undermine self-reliance?")</task>
	</performance_tasks>
</task>