<?xml version="1.0" encoding="UTF-8" ?>
<student id="Ricky Williams" grade="10">
	<score task_id="1" evidence_level="2">
		<standard id="2">white</standard>
		<standard id="3">gray</standard>
		<standard id="4">green</standard>
		<standard id="5">red</standard>
		<standard id="6">green</standard>
		<standard id="7">yellow</standard>
		<standard id="8">white</standard>
		<standard id="9">gray</standard>
	</score>
	<score task_id="2" evidence_level="2">
		<standard id="2">white</standard>
		<standard id="3">gray</standard>
		<standard id="4">green</standard>
		<standard id="5">red</standard>
		<standard id="6">green</standard>
		<standard id="7">yellow</standard>
		<standard id="8">white</standard>
		<standard id="9">gray</standard>
	</score>
	<score task_id="4" evidence_level="2">
		<standard id="2">white</standard>
		<standard id="3">gray</standard>
		<standard id="4">green</standard>
		<standard id="5">red</standard>
		<standard id="6">green</standard>
		<standard id="7">yellow</standard>
		<standard id="8">white</standard>
		<standard id="9">gray</standard>
	</score>
	<score task_id="5" evidence_level="3">
		<standard id="2">white</standard>
		<standard id="3">gray</standard>
		<standard id="4">green</standard>
		<standard id="5">yellow</standard>
		<standard id="6">green</standard>
		<standard id="7">green</standard>
		<standard id="8">white</standard>
		<standard id="9">green</standard>
	</score>
</student>