<?xml version="1.0" encoding="UTF-8"?>
<root>
    <row>
        <EdgeDesc>Arrow</EdgeDesc>
        <Begin>0.CC.1</Begin>
        <End>1.NBT.1</End>
    </row>
    <row>
        <EdgeDesc>Arrow</EdgeDesc>
        <Begin>0.CC.1||to 20</Begin>
        <End>0.CC.1</End>
    </row>
    <row>
        <EdgeDesc>Arrow</EdgeDesc>
        <Begin>0.CC.1||to 20</Begin>
        <End>0.CC.2||to 10</End>
    </row>
    <row>
        <EdgeDesc>Arrow</EdgeDesc>
        <Begin>0.CC.1||to 20</Begin>
        <End>0.CC.4.a</End>
    </row>
    <row>
        <EdgeDesc>Arrow</EdgeDesc>
        <Begin>0.CC.2||to 10</Begin>
        <End>0.CC.2</End>
    </row>
    <row>
        <EdgeDesc>Arrow</EdgeDesc>
        <Begin>0.CC.2||to 10</Begin>
        <End>0.CC.4.c||to 10</End>
    </row>
    <row>
        <EdgeDesc>Arrow</EdgeDesc>
        <Begin>0.CC.4.a</Begin>
        <End>0.CC.4.b</End>
    </row>
    <row>
        <EdgeDesc>Arrow</EdgeDesc>
        <Begin>0.CC.4.b</Begin>
        <End>0.CC.5||to 10</End>
    </row>
    <row>
        <EdgeDesc>Arrow</EdgeDesc>
        <Begin>0.CC.4.c||to 10</Begin>
        <End>0.CC.4.c||to 20</End>
    </row>
    <row>
        <EdgeDesc>Nondirectional link</EdgeDesc>
        <Begin>0.CC.4.c||to 20</Begin>
        <End>0.CC.2</End>
    </row>
    <row>
        <EdgeDesc>Arrow</EdgeDesc>
        <Begin>0.CC.4.c||to 20</Begin>
        <End>1.OA.5</End>
    </row>
    <row>
        <EdgeDesc>Arrow</EdgeDesc>
        <Begin>0.CC.5||to 10</Begin>
        <End>0.CC.5</End>
    </row>
    <row>
        <EdgeDesc>Nondirectional link</EdgeDesc>
        <Begin>0.CC.5</Begin>
        <End>0.CC.6</End>
    </row>
    <row>
        <EdgeDesc>Nondirectional link</EdgeDesc>
        <Begin>0.CC.6</Begin>
        <End>0.CC.4.c||to 10</End>
    </row>
    <row>
        <EdgeDesc>Arrow</EdgeDesc>
        <Begin>0.CC.6</Begin>
        <End>0.CC.7</End>
    </row>
    <row>
        <EdgeDesc>Arrow</EdgeDesc>
        <Begin>0.CC.6</Begin>
        <End>0.MD.3</End>
    </row>
    <row>
        <EdgeDesc>Arrow</EdgeDesc>
        <Begin>0.CC.7</Begin>
        <End>1.NBT.3</End>
    </row>
    <row>
        <EdgeDesc>Arrow</EdgeDesc>
        <Begin>0.G.1,2</Begin>
        <End>0.G.3,4</End>
    </row>
    <row>
        <EdgeDesc>Arrow</EdgeDesc>
        <Begin>0.G.2</Begin>
        <End>0.G.6</End>
    </row>
    <row>
        <EdgeDesc>Arrow</EdgeDesc>
        <Begin>0.G.2</Begin>
        <End>1.G.1</End>
    </row>
    <row>
        <EdgeDesc>Arrow</EdgeDesc>
        <Begin>0.G.3,4</Begin>
        <End>0.G.2</End>
    </row>
    <row>
        <EdgeDesc>Arrow</EdgeDesc>
        <Begin>0.G.3,4</Begin>
        <End>1.G.1</End>
    </row>
    <row>
        <EdgeDesc>Arrow</EdgeDesc>
        <Begin>0.G.6</Begin>
        <End>1.G.2</End>
    </row>
    <row>
        <EdgeDesc>Arrow</EdgeDesc>
        <Begin>0.MD.1</Begin>
        <End>0.MD.2</End>
    </row>
    <row>
        <EdgeDesc>Arrow</EdgeDesc>
        <Begin>0.MD.2</Begin>
        <End>0.MD.3</End>
    </row>
    <row>
        <EdgeDesc>Arrow</EdgeDesc>
        <Begin>0.MD.2</Begin>
        <End>1.MD.1</End>
    </row>
    <row>
        <EdgeDesc>Arrow</EdgeDesc>
        <Begin>0.MD.3</Begin>
        <End>1.MD.4</End>
    </row>
    <row>
        <EdgeDesc>Arrow</EdgeDesc>
        <Begin>0.NBT.1</Begin>
        <End>1.NBT.2</End>
    </row>
    <row>
        <EdgeDesc>Arrow</EdgeDesc>
        <Begin>0.OA.1</Begin>
        <End>0.OA.2</End>
    </row>
    <row>
        <EdgeDesc>Arrow</EdgeDesc>
        <Begin>0.OA.2</Begin>
        <End>0.OA.3</End>
    </row>
    <row>
        <EdgeDesc>Arrow</EdgeDesc>
        <Begin>0.OA.2</Begin>
        <End>1.OA.1||to 15</End>
    </row>
    <row>
        <EdgeDesc>Arrow</EdgeDesc>
        <Begin>0.OA.2</Begin>
        <End>1.OA.3,4</End>
    </row>
    <row>
        <EdgeDesc>Arrow</EdgeDesc>
        <Begin>0.OA.2</Begin>
        <End>1.OA.6||to 15, no fluency</End>
    </row>
    <row>
        <EdgeDesc>Arrow</EdgeDesc>
        <Begin>0.OA.3</Begin>
        <End>0.NBT.1</End>
    </row>
    <row>
        <EdgeDesc>Arrow</EdgeDesc>
        <Begin>0.OA.3</Begin>
        <End>0.OA.4</End>
    </row>
    <row>
        <EdgeDesc>Arrow</EdgeDesc>
        <Begin>0.OA.3</Begin>
        <End>0.OA.5</End>
    </row>
    <row>
        <EdgeDesc>Arrow</EdgeDesc>
        <Begin>0.OA.3</Begin>
        <End>1.OA.6||to 15, no fluency</End>
    </row>
    <row>
        <EdgeDesc>Arrow</EdgeDesc>
        <Begin>0.OA.4</Begin>
        <End>1.OA.6||to 15, no fluency</End>
    </row>
    <row>
        <EdgeDesc>Arrow</EdgeDesc>
        <Begin>0.OA.5</Begin>
        <End>1.OA.6||to 15, no fluency</End>
    </row>
    <row>
        <EdgeDesc>Arrow</EdgeDesc>
        <Begin>0.OA;1.OA;2.OA</Begin>
        <End>5.OA.2</End>
    </row>
    <row>
        <EdgeDesc>Arrow</EdgeDesc>
        <Begin>1.G.1</Begin>
        <End>2.G.1</End>
    </row>
    <row>
        <EdgeDesc>Arrow</EdgeDesc>
        <Begin>1.G.2</Begin>
        <End>1.G.3</End>
    </row>
    <row>
        <EdgeDesc>Arrow</EdgeDesc>
        <Begin>1.G.2</Begin>
        <End>3.MD.5</End>
    </row>
    <row>
        <EdgeDesc>Arrow</EdgeDesc>
        <Begin>1.G.2</Begin>
        <End>4.G.3</End>
    </row>
    <row>
        <EdgeDesc>Arrow</EdgeDesc>
        <Begin>1.G.3</Begin>
        <End>2.G.3</End>
    </row>
    <row>
        <EdgeDesc>Arrow</EdgeDesc>
        <Begin>1.MD.1</Begin>
        <End>1.MD.2</End>
    </row>
    <row>
        <EdgeDesc>Arrow</EdgeDesc>
        <Begin>1.MD.2</Begin>
        <End>2.MD.1</End>
    </row>
    <row>
        <EdgeDesc>Arrow</EdgeDesc>
        <Begin>1.MD.3</Begin>
        <End>2.MD.7</End>
    </row>
    <row>
        <EdgeDesc>Arrow</EdgeDesc>
        <Begin>1.MD.4</Begin>
        <End>2.MD.10</End>
    </row>
    <row>
        <EdgeDesc>Arrow</EdgeDesc>
        <Begin>1.NBT.1</Begin>
        <End>1.NBT.2</End>
    </row>
    <row>
        <EdgeDesc>Arrow</EdgeDesc>
        <Begin>1.NBT.2</Begin>
        <End>1.NBT.3</End>
    </row>
    <row>
        <EdgeDesc>Arrow</EdgeDesc>
        <Begin>1.NBT.2</Begin>
        <End>1.NBT.4</End>
    </row>
    <row>
        <EdgeDesc>Arrow</EdgeDesc>
        <Begin>1.NBT.2</Begin>
        <End>1.NBT.5,6</End>
    </row>
    <row>
        <EdgeDesc>Arrow</EdgeDesc>
        <Begin>1.NBT.2</Begin>
        <End>2.NBT.1</End>
    </row>
    <row>
        <EdgeDesc>Arrow</EdgeDesc>
        <Begin>1.NBT.4</Begin>
        <End>1.NBT.4||no concrete or drawings</End>
    </row>
    <row>
        <EdgeDesc>Arrow</EdgeDesc>
        <Begin>1.NBT.4||no concrete or drawings</Begin>
        <End>2.NBT.5||no fluency</End>
    </row>
    <row>
        <EdgeDesc>Arrow</EdgeDesc>
        <Begin>1.NBT.4||no concrete or drawings</Begin>
        <End>2.OA.1||no two-step</End>
    </row>
    <row>
        <EdgeDesc>Arrow</EdgeDesc>
        <Begin>1.NBT.5,6</Begin>
        <End>2.NBT.5||no fluency</End>
    </row>
    <row>
        <EdgeDesc>Arrow</EdgeDesc>
        <Begin>1.NBT.5,6</Begin>
        <End>2.OA.1||no two-step</End>
    </row>
    <row>
        <EdgeDesc>Arrow</EdgeDesc>
        <Begin>1.OA.1</Begin>
        <End>1.OA.1||equations</End>
    </row>
    <row>
        <EdgeDesc>Arrow</EdgeDesc>
        <Begin>1.OA.1||equations</Begin>
        <End>1.MD.4</End>
    </row>
    <row>
        <EdgeDesc>Arrow</EdgeDesc>
        <Begin>1.OA.1||equations</Begin>
        <End>1.OA.2</End>
    </row>
    <row>
        <EdgeDesc>Nondirectional link</EdgeDesc>
        <Begin>1.OA.1||equations</Begin>
        <End>1.OA.8</End>
    </row>
    <row>
        <EdgeDesc>Arrow</EdgeDesc>
        <Begin>1.OA.1||equations</Begin>
        <End>2.OA.1||no two-step</End>
    </row>
    <row>
        <EdgeDesc>Arrow</EdgeDesc>
        <Begin>1.OA.1||to 15</Begin>
        <End>1.OA.1</End>
    </row>
    <row>
        <EdgeDesc>Arrow</EdgeDesc>
        <Begin>1.OA.2</Begin>
        <End>1.MD.4</End>
    </row>
    <row>
        <EdgeDesc>Arrow</EdgeDesc>
        <Begin>1.OA.3</Begin>
        <End>6.EE.3,4</End>
    </row>
    <row>
        <EdgeDesc>Arrow</EdgeDesc>
        <Begin>1.OA.3,4</Begin>
        <End>1.OA.6||to 15, no fluency</End>
    </row>
    <row>
        <EdgeDesc>Arrow</EdgeDesc>
        <Begin>1.OA.3,4</Begin>
        <End>2.NBT.9</End>
    </row>
    <row>
        <EdgeDesc>Arrow</EdgeDesc>
        <Begin>1.OA.3</Begin>
        <End>4.NF.3.a,b,c</End>
    </row>
    <row>
        <EdgeDesc>Arrow</EdgeDesc>
        <Begin>1.OA.4</Begin>
        <End>4.NF.3.a,b,c</End>
    </row>
    <row>
        <EdgeDesc>Arrow</EdgeDesc>
        <Begin>1.OA.5</Begin>
        <End>1.OA.6||to 15, no fluency</End>
    </row>
    <row>
        <EdgeDesc>Nondirectional link</EdgeDesc>
        <Begin>1.OA.6</Begin>
        <End>1.OA.1</End>
    </row>
    <row>
        <EdgeDesc>Arrow</EdgeDesc>
        <Begin>1.OA.6</Begin>
        <End>2.OA.2||fluency to 15, no memory</End>
    </row>
    <row>
        <EdgeDesc>Arrow</EdgeDesc>
        <Begin>1.OA.6||to 15, no fluency</Begin>
        <End>1.NBT.4</End>
    </row>
    <row>
        <EdgeDesc>Nondirectional link</EdgeDesc>
        <Begin>1.OA.6||to 15, no fluency</Begin>
        <End>1.OA.1||to 15</End>
    </row>
    <row>
        <EdgeDesc>Arrow</EdgeDesc>
        <Begin>1.OA.6||to 15, no fluency</Begin>
        <End>1.OA.6</End>
    </row>
    <row>
        <EdgeDesc>Arrow</EdgeDesc>
        <Begin>1.OA.7</Begin>
        <End>1.OA.8</End>
    </row>
    <row>
        <EdgeDesc>Arrow</EdgeDesc>
        <Begin>1.OA.7</Begin>
        <End>2.OA.3</End>
    </row>
    <row>
        <EdgeDesc>Arrow</EdgeDesc>
        <Begin>1.OA.7</Begin>
        <End>2.OA.4</End>
    </row>
    <row>
        <EdgeDesc>Arrow</EdgeDesc>
        <Begin>1.OA.8</Begin>
        <End>4.MD.7</End>
    </row>
    <row>
        <EdgeDesc>Arrow</EdgeDesc>
        <Begin>1.OA.8</Begin>
        <End>4.NF.3.d</End>
    </row>
    <row>
        <EdgeDesc>Arrow</EdgeDesc>
        <Begin>2.G.1</Begin>
        <End>3.G.1</End>
    </row>
    <row>
        <EdgeDesc>Arrow</EdgeDesc>
        <Begin>2.G.2</Begin>
        <End>2.G.3</End>
    </row>
    <row>
        <EdgeDesc>Arrow</EdgeDesc>
        <Begin>2.G.2</Begin>
        <End>3.MD.6</End>
    </row>
    <row>
        <EdgeDesc>Arrow</EdgeDesc>
        <Begin>2.G.3</Begin>
        <End>3.NF.1</End>
    </row>
    <row>
        <EdgeDesc>Arrow</EdgeDesc>
        <Begin>2.MD.1</Begin>
        <End>2.MD.2</End>
    </row>
    <row>
        <EdgeDesc>Arrow</EdgeDesc>
        <Begin>2.MD.1</Begin>
        <End>2.MD.3</End>
    </row>
    <row>
        <EdgeDesc>Nondirectional link</EdgeDesc>
        <Begin>2.MD.1</Begin>
        <End>3.MD.2||measure, estimate only</End>
    </row>
    <row>
        <EdgeDesc>Arrow</EdgeDesc>
        <Begin>2.MD.1</Begin>
        <End>3.MD.5</End>
    </row>
    <row>
        <EdgeDesc>Arrow</EdgeDesc>
        <Begin>2.MD.2</Begin>
        <End>3.NF.1</End>
    </row>
    <row>
        <EdgeDesc>Arrow</EdgeDesc>
        <Begin>2.MD.3</Begin>
        <End>2.MD.2</End>
    </row>
    <row>
        <EdgeDesc>Arrow</EdgeDesc>
        <Begin>2.MD.3</Begin>
        <End>2.MD.4</End>
    </row>
    <row>
        <EdgeDesc>Arrow</EdgeDesc>
        <Begin>2.MD.4</Begin>
        <End>2.MD.5</End>
    </row>
    <row>
        <EdgeDesc>Nondirectional link</EdgeDesc>
        <Begin>2.MD.5</Begin>
        <End>2.MD.6</End>
    </row>
    <row>
        <EdgeDesc>Nondirectional link</EdgeDesc>
        <Begin>2.MD.5</Begin>
        <End>2.OA.1||two-step and harder one-step</End>
    </row>
    <row>
        <EdgeDesc>Nondirectional link</EdgeDesc>
        <Begin>2.MD.6</Begin>
        <End>2.MD.9</End>
    </row>
    <row>
        <EdgeDesc>Arrow</EdgeDesc>
        <Begin>2.MD.6</Begin>
        <End>3.NF.2</End>
    </row>
    <row>
        <EdgeDesc>Arrow</EdgeDesc>
        <Begin>2.NBT.1</Begin>
        <End>2.NBT.3</End>
    </row>
    <row>
        <EdgeDesc>Arrow</EdgeDesc>
        <Begin>2.NBT.1</Begin>
        <End>2.NBT.4</End>
    </row>
    <row>
        <EdgeDesc>Arrow</EdgeDesc>
        <Begin>2.NBT.1</Begin>
        <End>2.NBT.6</End>
    </row>
    <row>
        <EdgeDesc>Arrow</EdgeDesc>
        <Begin>2.NBT.1</Begin>
        <End>2.NBT.7</End>
    </row>
    <row>
        <EdgeDesc>Arrow</EdgeDesc>
        <Begin>2.NBT.1</Begin>
        <End>3.NBT.1</End>
    </row>
    <row>
        <EdgeDesc>Arrow</EdgeDesc>
        <Begin>2.NBT.1</Begin>
        <End>3.NBT.3</End>
    </row>
    <row>
        <EdgeDesc>Arrow</EdgeDesc>
        <Begin>2.NBT.1</Begin>
        <End>4.NBT.1</End>
    </row>
    <row>
        <EdgeDesc>Arrow</EdgeDesc>
        <Begin>2.NBT.1</Begin>
        <End>2.NBT.8</End>
    </row>
    <row>
        <EdgeDesc>Arrow</EdgeDesc>
        <Begin>2.NBT.2</Begin>
        <End>2.NBT.1</End>
    </row>
    <row>
        <EdgeDesc>Nondirectional link</EdgeDesc>
        <Begin>2.NBT.2</Begin>
        <End>2.OA.3</End>
    </row>
    <row>
        <EdgeDesc>Nondirectional link</EdgeDesc>
        <Begin>2.NBT.5</Begin>
        <End>2.OA.1||two-step and harder one-step</End>
    </row>
    <row>
        <EdgeDesc>Arrow</EdgeDesc>
        <Begin>2.NBT.5||no fluency</Begin>
        <End>2.NBT.5</End>
    </row>
    <row>
        <EdgeDesc>Nondirectional link</EdgeDesc>
        <Begin>2.NBT.5||no fluency</Begin>
        <End>2.OA.1||no two-step; harder types</End>
    </row>
    <row>
        <EdgeDesc>Arrow</EdgeDesc>
        <Begin>2.NBT.7</Begin>
        <End>2.NBT.7||no concrete or drawings</End>
    </row>
    <row>
        <EdgeDesc>Nondirectional link</EdgeDesc>
        <Begin>2.NBT.7</Begin>
        <End>2.NBT.8</End>
    </row>
    <row>
        <EdgeDesc>Nondirectional link</EdgeDesc>
        <Begin>2.NBT.7</Begin>
        <End>2.NBT.9</End>
    </row>
    <row>
        <EdgeDesc>Arrow</EdgeDesc>
        <Begin>2.NBT.7,8</Begin>
        <End>3.NBT.2</End>
    </row>
    <row>
        <EdgeDesc>Arrow</EdgeDesc>
        <Begin>2.NBT.7||no concrete or drawings</Begin>
        <End>2.NBT.6</End>
    </row>
    <row>
        <EdgeDesc>Nondirectional link</EdgeDesc>
        <Begin>2.NBT.8</Begin>
        <End>2.NBT.9</End>
    </row>
    <row>
        <EdgeDesc>Arrow</EdgeDesc>
        <Begin>2.OA.1||no two-step</Begin>
        <End>2.OA.1||no two-step; harder types</End>
    </row>
    <row>
        <EdgeDesc>Arrow</EdgeDesc>
        <Begin>2.OA.1||no two-step; harder types</Begin>
        <End>2.OA.1||two-step and harder one-step</End>
    </row>
    <row>
        <EdgeDesc>Nondirectional link</EdgeDesc>
        <Begin>2.OA.1||two-step and harder one-step</Begin>
        <End>2.MD.10</End>
    </row>
    <row>
        <EdgeDesc>Nondirectional link</EdgeDesc>
        <Begin>2.OA.1||two-step and harder one-step</Begin>
        <End>2.MD.8</End>
    </row>
    <row>
        <EdgeDesc>Arrow</EdgeDesc>
        <Begin>2.OA.1</Begin>
        <End>3.OA.8||no judging reasonableness</End>
    </row>
    <row>
        <EdgeDesc>Arrow</EdgeDesc>
        <Begin>2.OA.1</Begin>
        <End>4.NF.3.a,b,c</End>
    </row>
    <row>
        <EdgeDesc>Arrow</EdgeDesc>
        <Begin>2.OA.2</Begin>
        <End>2.NBT.5</End>
    </row>
    <row>
        <EdgeDesc>Arrow</EdgeDesc>
        <Begin>2.OA.2||fluency to 15, no memory</Begin>
        <End>2.OA.2||no memory</End>
    </row>
    <row>
        <EdgeDesc>Arrow</EdgeDesc>
        <Begin>2.OA.2||no memory</Begin>
        <End>2.NBT.5||no fluency</End>
    </row>
    <row>
        <EdgeDesc>Arrow</EdgeDesc>
        <Begin>2.OA.2||no memory</Begin>
        <End>2.OA.2</End>
    </row>
    <row>
        <EdgeDesc>Arrow</EdgeDesc>
        <Begin>2.OA.3</Begin>
        <End>3.OA.9</End>
    </row>
    <row>
        <EdgeDesc>Arrow</EdgeDesc>
        <Begin>2.OA.3</Begin>
        <End>3.OA.1</End>
    </row>
    <row>
        <EdgeDesc>Arrow</EdgeDesc>
        <Begin>2.OA.4</Begin>
        <End>3.OA.1</End>
    </row>
    <row>
        <EdgeDesc>Arrow</EdgeDesc>
        <Begin>3.G.1</Begin>
        <End>4.G.1</End>
    </row>
    <row>
        <EdgeDesc>Arrow</EdgeDesc>
        <Begin>3.G.1</Begin>
        <End>5.G.3</End>
    </row>
    <row>
        <EdgeDesc>Nondirectional link</EdgeDesc>
        <Begin>3.MD.2</Begin>
        <End>3.OA.8</End>
    </row>
    <row>
        <EdgeDesc>Arrow</EdgeDesc>
        <Begin>3.MD.2</Begin>
        <End>4.MD.1</End>
    </row>
    <row>
        <EdgeDesc>Arrow</EdgeDesc>
        <Begin>3.MD.2||measure, estimate only</Begin>
        <End>3.MD.2</End>
    </row>
    <row>
        <EdgeDesc>Nondirectional link</EdgeDesc>
        <Begin>3.MD.2||measure, estimate only</Begin>
        <End>3.NF.1</End>
    </row>
    <row>
        <EdgeDesc>Arrow</EdgeDesc>
        <Begin>3.MD.4</Begin>
        <End>4.MD.4</End>
    </row>
    <row>
        <EdgeDesc>Arrow</EdgeDesc>
        <Begin>3.MD.5</Begin>
        <End>3.MD.6</End>
    </row>
    <row>
        <EdgeDesc>Arrow</EdgeDesc>
        <Begin>3.MD.5</Begin>
        <End>3.MD.7.d</End>
    </row>
    <row>
        <EdgeDesc>Arrow</EdgeDesc>
        <Begin>3.MD.5</Begin>
        <End>3.MD.8</End>
    </row>
    <row>
        <EdgeDesc>Arrow</EdgeDesc>
        <Begin>3.MD.5</Begin>
        <End>5.MD.3</End>
    </row>
    <row>
        <EdgeDesc>Arrow</EdgeDesc>
        <Begin>3.MD.6</Begin>
        <End>3.MD.7.a,b</End>
    </row>
    <row>
        <EdgeDesc>Arrow</EdgeDesc>
        <Begin>3.MD.7.a,b</Begin>
        <End>3.MD.7.c</End>
    </row>
    <row>
        <EdgeDesc>Arrow</EdgeDesc>
        <Begin>3.MD.7.a,b</Begin>
        <End>3.MD.7.d</End>
    </row>
    <row>
        <EdgeDesc>Arrow</EdgeDesc>
        <Begin>3.MD.7.b</Begin>
        <End>4.MD.3</End>
    </row>
    <row>
        <EdgeDesc>Arrow</EdgeDesc>
        <Begin>3.MD.7.b</Begin>
        <End>5.NF.4.a||a/b x n</End>
    </row>
    <row>
        <EdgeDesc>Nondirectional link</EdgeDesc>
        <Begin>3.MD.7.c</Begin>
        <End>3.MD.7.d</End>
    </row>
    <row>
        <EdgeDesc>Arrow</EdgeDesc>
        <Begin>3.MD.8</Begin>
        <End>4.MD.3</End>
    </row>
    <row>
        <EdgeDesc>Arrow</EdgeDesc>
        <Begin>3.NBT.1</Begin>
        <End>4.NBT.3</End>
    </row>
    <row>
        <EdgeDesc>Arrow</EdgeDesc>
        <Begin>3.NBT.2</Begin>
        <End>4.NBT.4</End>
    </row>
    <row>
        <EdgeDesc>Arrow</EdgeDesc>
        <Begin>3.NBT.2</Begin>
        <End>4.NBT.5||no two-digit by two-digit</End>
    </row>
    <row>
        <EdgeDesc>Arrow</EdgeDesc>
        <Begin>3.NBT.2</Begin>
        <End>4.NBT.6||no four-digit dividends</End>
    </row>
    <row>
        <EdgeDesc>Arrow</EdgeDesc>
        <Begin>3.NBT.3</Begin>
        <End>4.NBT.5||no two-digit by two-digit</End>
    </row>
    <row>
        <EdgeDesc>Arrow</EdgeDesc>
        <Begin>3.NF.1</Begin>
        <End>3.G.2</End>
    </row>
    <row>
        <EdgeDesc>Nondirectional link</EdgeDesc>
        <Begin>3.NF.1</Begin>
        <End>3.NF.2</End>
    </row>
    <row>
        <EdgeDesc>Arrow</EdgeDesc>
        <Begin>3.NF.1</Begin>
        <End>3.NF.3</End>
    </row>
    <row>
        <EdgeDesc>Arrow</EdgeDesc>
        <Begin>3.NF.1</Begin>
        <End>4.NF.3.a,b,c</End>
    </row>
    <row>
        <EdgeDesc>Arrow</EdgeDesc>
        <Begin>3.NF.1</Begin>
        <End>4.NF.4.a</End>
    </row>
    <row>
        <EdgeDesc>Arrow</EdgeDesc>
        <Begin>3.NF.1</Begin>
        <End>5.NF.7</End>
    </row>
    <row>
        <EdgeDesc>Nondirectional link</EdgeDesc>
        <Begin>3.NF.2</Begin>
        <End>3.MD.4</End>
    </row>
    <row>
        <EdgeDesc>Arrow</EdgeDesc>
        <Begin>3.NF.2</Begin>
        <End>3.NF.3</End>
    </row>
    <row>
        <EdgeDesc>Arrow</EdgeDesc>
        <Begin>3.NF.2</Begin>
        <End>4.NF.3.a,b,c</End>
    </row>
    <row>
        <EdgeDesc>Arrow</EdgeDesc>
        <Begin>3.NF.2</Begin>
        <End>5.G.1</End>
    </row>
    <row>
        <EdgeDesc>Arrow</EdgeDesc>
        <Begin>3.NF.2</Begin>
        <End>5.G.2</End>
    </row>
    <row>
        <EdgeDesc>Arrow</EdgeDesc>
        <Begin>3.NF.2</Begin>
        <End>6.NS.6.a</End>
    </row>
    <row>
        <EdgeDesc>Arrow</EdgeDesc>
        <Begin>3.NF.3</Begin>
        <End>4.NF.1</End>
    </row>
    <row>
        <EdgeDesc>Arrow</EdgeDesc>
        <Begin>3.OA.1</Begin>
        <End>3.OA.2</End>
    </row>
    <row>
        <EdgeDesc>Arrow</EdgeDesc>
        <Begin>3.OA.1</Begin>
        <End>4.OA.1,2</End>
    </row>
    <row>
        <EdgeDesc>Arrow</EdgeDesc>
        <Begin>3.OA.3</Begin>
        <End>4.OA.1,2</End>
    </row>
    <row>
        <EdgeDesc>Arrow</EdgeDesc>
        <Begin>3.OA.1</Begin>
        <End>4.NF.4.a</End>
    </row>
    <row>
        <EdgeDesc>Arrow</EdgeDesc>
        <Begin>3.OA.1</Begin>
        <End>3.OA.3||no measurement</End>
    </row>
    <row>
        <EdgeDesc>Arrow</EdgeDesc>
        <Begin>3.OA.2</Begin>
        <End>3.OA.3||no measurement</End>
    </row>
    <row>
        <EdgeDesc>Arrow</EdgeDesc>
        <Begin>3.OA.1</Begin>
        <End>3.OA.5</End>
    </row>
    <row>
        <EdgeDesc>Arrow</EdgeDesc>
        <Begin>3.OA.2</Begin>
        <End>3.OA.5</End>
    </row>
    <row>
        <EdgeDesc>Nondirectional link</EdgeDesc>
        <Begin>3.OA.1</Begin>
        <End>3.OA.6</End>
    </row>
    <row>
        <EdgeDesc>Nondirectional link</EdgeDesc>
        <Begin>3.OA.2</Begin>
        <End>3.OA.6</End>
    </row>
    <row>
        <EdgeDesc>Arrow</EdgeDesc>
        <Begin>3.OA.1,2;4.OA.1,2</Begin>
        <End>5.NF.3</End>
    </row>
    <row>
        <EdgeDesc>Arrow</EdgeDesc>
        <Begin>3.OA.1,2;4.OA.1,2</Begin>
        <End>5.NF.5</End>
    </row>
    <row>
        <EdgeDesc>Arrow</EdgeDesc>
        <Begin>3.OA.1,2;4.OA.1,2</Begin>
        <End>5.NF.6||a/b x n</End>
    </row>
    <row>
        <EdgeDesc>Arrow</EdgeDesc>
        <Begin>3.OA.1,2;4.OA.1,2</Begin>
        <End>5.OA.2</End>
    </row>
    <row>
        <EdgeDesc>Nondirectional link</EdgeDesc>
        <Begin>3.OA.3</Begin>
        <End>3.OA.4</End>
    </row>
    <row>
        <EdgeDesc>Arrow</EdgeDesc>
        <Begin>3.OA.3</Begin>
        <End>3.OA.8</End>
    </row>
    <row>
        <EdgeDesc>Arrow</EdgeDesc>
        <Begin>3.OA.3</Begin>
        <End>3.OA.8||no judging reasonableness</End>
    </row>
    <row>
        <EdgeDesc>Arrow</EdgeDesc>
        <Begin>3.OA.3</Begin>
        <End>4.NF.4.c</End>
    </row>
    <row>
        <EdgeDesc>Arrow</EdgeDesc>
        <Begin>3.OA.3||no measurement</Begin>
        <End>3.OA.3</End>
    </row>
    <row>
        <EdgeDesc>Nondirectional link</EdgeDesc>
        <Begin>3.OA.3||no measurement</Begin>
        <End>3.OA.4</End>
    </row>
    <row>
        <EdgeDesc>Nondirectional link</EdgeDesc>
        <Begin>3.OA.3||no measurement</Begin>
        <End>3.OA.6</End>
    </row>
    <row>
        <EdgeDesc>Arrow</EdgeDesc>
        <Begin>3.OA.3||no measurement</Begin>
        <End>3.OA.8||no judging reasonableness</End>
    </row>
    <row>
        <EdgeDesc>Nondirectional link</EdgeDesc>
        <Begin>3.OA.4</Begin>
        <End>3.OA.7||no memory</End>
    </row>
    <row>
        <EdgeDesc>Arrow</EdgeDesc>
        <Begin>3.OA.4</Begin>
        <End>4.MD.3</End>
    </row>
    <row>
        <EdgeDesc>Nondirectional link</EdgeDesc>
        <Begin>3.OA.5</Begin>
        <End>3.MD.7.c</End>
    </row>
    <row>
        <EdgeDesc>Arrow</EdgeDesc>
        <Begin>3.OA.5</Begin>
        <End>3.NBT.3</End>
    </row>
    <row>
        <EdgeDesc>Arrow</EdgeDesc>
        <Begin>3.OA.5</Begin>
        <End>3.OA.9</End>
    </row>
    <row>
        <EdgeDesc>Arrow</EdgeDesc>
        <Begin>3.OA.5</Begin>
        <End>3.OA.7||no memory</End>
    </row>
    <row>
        <EdgeDesc>Arrow</EdgeDesc>
        <Begin>3.OA.6</Begin>
        <End>3.OA.7||no memory</End>
    </row>
    <row>
        <EdgeDesc>Arrow</EdgeDesc>
        <Begin>3.OA.5</Begin>
        <End>4.NBT.5||no two-digit by two-digit</End>
    </row>
    <row>
        <EdgeDesc>Arrow</EdgeDesc>
        <Begin>3.OA.5</Begin>
        <End>4.NBT.6||no four-digit dividends</End>
    </row>
    <row>
        <EdgeDesc>Arrow</EdgeDesc>
        <Begin>3.OA.5</Begin>
        <End>5.MD.5.a</End>
    </row>
    <row>
        <EdgeDesc>Arrow</EdgeDesc>
        <Begin>3.OA.5</Begin>
        <End>6.EE.3,4</End>
    </row>
    <row>
        <EdgeDesc>Arrow</EdgeDesc>
        <Begin>3.OA.6</Begin>
        <End>5.NF.3</End>
    </row>
    <row>
        <EdgeDesc>Arrow</EdgeDesc>
        <Begin>3.OA.6</Begin>
        <End>5.NF.7</End>
    </row>
    <row>
        <EdgeDesc>Arrow</EdgeDesc>
        <Begin>3.OA.6</Begin>
        <End>6.NS.1</End>
    </row>
    <row>
        <EdgeDesc>Nondirectional link</EdgeDesc>
        <Begin>3.OA.7</Begin>
        <End>3.OA.8</End>
    </row>
    <row>
        <EdgeDesc>Arrow</EdgeDesc>
        <Begin>3.OA.7</Begin>
        <End>4.MD.1</End>
    </row>
    <row>
        <EdgeDesc>Arrow</EdgeDesc>
        <Begin>3.OA.7</Begin>
        <End>4.NBT.5||no two-digit by two-digit</End>
    </row>
    <row>
        <EdgeDesc>Arrow</EdgeDesc>
        <Begin>3.OA.7</Begin>
        <End>4.NBT.6||no four-digit dividends</End>
    </row>
    <row>
        <EdgeDesc>Arrow</EdgeDesc>
        <Begin>3.OA.7</Begin>
        <End>4.OA.4</End>
    </row>
    <row>
        <EdgeDesc>Arrow</EdgeDesc>
        <Begin>3.OA.7||no memory</Begin>
        <End>3.OA.7</End>
    </row>
    <row>
        <EdgeDesc>Nondirectional link</EdgeDesc>
        <Begin>3.OA.7||no memory</Begin>
        <End>3.OA.8||no judging reasonableness</End>
    </row>
    <row>
        <EdgeDesc>Nondirectional link</EdgeDesc>
        <Begin>3.OA.8</Begin>
        <End>3.MD.3</End>
    </row>
    <row>
        <EdgeDesc>Nondirectional link</EdgeDesc>
        <Begin>3.OA.8</Begin>
        <End>3.MD.7.d</End>
    </row>
    <row>
        <EdgeDesc>Nondirectional link</EdgeDesc>
        <Begin>3.OA.8</Begin>
        <End>3.MD.8</End>
    </row>
    <row>
        <EdgeDesc>Arrow</EdgeDesc>
        <Begin>3.OA.8</Begin>
        <End>4.OA.3||no judging reasonableness</End>
    </row>
    <row>
        <EdgeDesc>Arrow</EdgeDesc>
        <Begin>3.OA.8||no judging reasonableness</Begin>
        <End>3.OA.8</End>
    </row>
    <row>
        <EdgeDesc>Arrow</EdgeDesc>
        <Begin>3.OA.9</Begin>
        <End>4.OA.5</End>
    </row>
    <row>
        <EdgeDesc>Arrow</EdgeDesc>
        <Begin>4.G.1</Begin>
        <End>4.G.2</End>
    </row>
    <row>
        <EdgeDesc>Nondirectional link</EdgeDesc>
        <Begin>4.G.1</Begin>
        <End>4.MD.5</End>
    </row>
    <row>
        <EdgeDesc>Arrow</EdgeDesc>
        <Begin>4.G.2</Begin>
        <End>5.G.3</End>
    </row>
    <row>
        <EdgeDesc>Arrow</EdgeDesc>
        <Begin>4.MD.1</Begin>
        <End>4.MD.2</End>
    </row>
    <row>
        <EdgeDesc>Arrow</EdgeDesc>
        <Begin>4.MD.1</Begin>
        <End>5.MD.1</End>
    </row>
    <row>
        <EdgeDesc>Arrow</EdgeDesc>
        <Begin>4.MD.1</Begin>
        <End>6.RP.1</End>
    </row>
    <row>
        <EdgeDesc>Nondirectional link</EdgeDesc>
        <Begin>4.MD.2</Begin>
        <End>4.NF.3.d</End>
    </row>
    <row>
        <EdgeDesc>Arrow</EdgeDesc>
        <Begin>4.MD.2</Begin>
        <End>5.MD.1</End>
    </row>
    <row>
        <EdgeDesc>Arrow</EdgeDesc>
        <Begin>4.MD.2</Begin>
        <End>5.NF.3</End>
    </row>
    <row>
        <EdgeDesc>Arrow</EdgeDesc>
        <Begin>4.MD.2</Begin>
        <End>5.NF.5</End>
    </row>
    <row>
        <EdgeDesc>Arrow</EdgeDesc>
        <Begin>4.MD.2</Begin>
        <End>5.NF.6||a/b x n</End>
    </row>
    <row>
        <EdgeDesc>Arrow</EdgeDesc>
        <Begin>4.MD.3</Begin>
        <End>5.MD.5.a</End>
    </row>
    <row>
        <EdgeDesc>Arrow</EdgeDesc>
        <Begin>4.MD.3</Begin>
        <End>6.G.1</End>
    </row>
    <row>
        <EdgeDesc>Nondirectional link</EdgeDesc>
        <Begin>4.MD.4</Begin>
        <End>4.NF.3.d</End>
    </row>
    <row>
        <EdgeDesc>Arrow</EdgeDesc>
        <Begin>4.MD.4</Begin>
        <End>5.MD.2</End>
    </row>
    <row>
        <EdgeDesc>Nondirectional link</EdgeDesc>
        <Begin>4.MD.5</Begin>
        <End>4.G.2</End>
    </row>
    <row>
        <EdgeDesc>Arrow</EdgeDesc>
        <Begin>4.MD.5</Begin>
        <End>4.MD.6</End>
    </row>
    <row>
        <EdgeDesc>Arrow</EdgeDesc>
        <Begin>4.MD.5</Begin>
        <End>4.MD.7</End>
    </row>
    <row>
        <EdgeDesc>Arrow</EdgeDesc>
        <Begin>4.MD.7</Begin>
        <End>7.G.5</End>
    </row>
    <row>
        <EdgeDesc>Arrow</EdgeDesc>
        <Begin>4.NBT.1</Begin>
        <End>4.NBT.2</End>
    </row>
    <row>
        <EdgeDesc>Arrow</EdgeDesc>
        <Begin>4.NBT.1</Begin>
        <End>4.NBT.3</End>
    </row>
    <row>
        <EdgeDesc>Arrow</EdgeDesc>
        <Begin>4.NBT.1</Begin>
        <End>4.NBT.4</End>
    </row>
    <row>
        <EdgeDesc>Arrow</EdgeDesc>
        <Begin>4.NBT.1</Begin>
        <End>4.NBT.5||no two-digit by two-digit</End>
    </row>
    <row>
        <EdgeDesc>Arrow</EdgeDesc>
        <Begin>4.NBT.1</Begin>
        <End>4.NBT.6||no four-digit dividends</End>
    </row>
    <row>
        <EdgeDesc>Arrow</EdgeDesc>
        <Begin>4.NBT.1</Begin>
        <End>5.NBT.1</End>
    </row>
    <row>
        <EdgeDesc>Arrow</EdgeDesc>
        <Begin>4.NBT.2</Begin>
        <End>4.NBT.3</End>
    </row>
    <row>
        <EdgeDesc>Arrow</EdgeDesc>
        <Begin>4.NBT.2</Begin>
        <End>5.NBT.3</End>
    </row>
    <row>
        <EdgeDesc>Arrow</EdgeDesc>
        <Begin>4.NBT.3</Begin>
        <End>4.OA.3||no judging reasonableness</End>
    </row>
    <row>
        <EdgeDesc>Arrow</EdgeDesc>
        <Begin>4.NBT.3</Begin>
        <End>5.NBT.4</End>
    </row>
    <row>
        <EdgeDesc>Arrow</EdgeDesc>
        <Begin>4.NBT.4</Begin>
        <End>5.NBT.5||no fluency</End>
    </row>
    <row>
        <EdgeDesc>Arrow</EdgeDesc>
        <Begin>4.NBT.4</Begin>
        <End>5.NBT.6||three-digit dividends</End>
    </row>
    <row>
        <EdgeDesc>Arrow</EdgeDesc>
        <Begin>4.NBT.4</Begin>
        <End>5.NBT.7</End>
    </row>
    <row>
        <EdgeDesc>Arrow</EdgeDesc>
        <Begin>4.NBT.5</Begin>
        <End>4.NBT.6</End>
    </row>
    <row>
        <EdgeDesc>Arrow</EdgeDesc>
        <Begin>4.NBT.5</Begin>
        <End>5.NBT.5||no fluency</End>
    </row>
    <row>
        <EdgeDesc>Arrow</EdgeDesc>
        <Begin>4.NBT.5||no two-digit by two-digit</Begin>
        <End>4.NBT.5</End>
    </row>
    <row>
        <EdgeDesc>Arrow</EdgeDesc>
        <Begin>4.NBT.5||no two-digit by two-digit</Begin>
        <End>4.NBT.6||no four-digit dividends</End>
    </row>
    <row>
        <EdgeDesc>Arrow</EdgeDesc>
        <Begin>4.NBT.6</Begin>
        <End>4.OA.3</End>
    </row>
    <row>
        <EdgeDesc>Arrow</EdgeDesc>
        <Begin>4.NBT.6</Begin>
        <End>4.OA.3||no judging reasonableness</End>
    </row>
    <row>
        <EdgeDesc>Arrow</EdgeDesc>
        <Begin>4.NBT.6||no four-digit dividends</Begin>
        <End>5.NBT.6||three-digit dividends</End>
    </row>
    <row>
        <EdgeDesc>Arrow</EdgeDesc>
        <Begin>4.NBT.6||no four-digit dividends</Begin>
        <End>4.NBT.6</End>
    </row>
    <row>
        <EdgeDesc>Arrow</EdgeDesc>
        <Begin>4.NF.1</Begin>
        <End>4.NF.2</End>
    </row>
    <row>
        <EdgeDesc>Arrow</EdgeDesc>
        <Begin>4.NF.1</Begin>
        <End>4.NF.3.c</End>
    </row>
    <row>
        <EdgeDesc>Arrow</EdgeDesc>
        <Begin>4.NF.1</Begin>
        <End>4.NF.5</End>
    </row>
    <row>
        <EdgeDesc>Arrow</EdgeDesc>
        <Begin>4.NF.1</Begin>
        <End>5.NF.1</End>
    </row>
    <row>
        <EdgeDesc>Arrow</EdgeDesc>
        <Begin>4.NF.1</Begin>
        <End>5.NF.5</End>
    </row>
    <row>
        <EdgeDesc>Arrow</EdgeDesc>
        <Begin>4.NF.2</Begin>
        <End>4.NF.7</End>
    </row>
    <row>
        <EdgeDesc>Arrow</EdgeDesc>
        <Begin>4.NF.2</Begin>
        <End>5.NF.2||no estimation</End>
    </row>
    <row>
        <EdgeDesc>Arrow</EdgeDesc>
        <Begin>4.NF.3</Begin>
        <End>5.NF.1</End>
    </row>
    <row>
        <EdgeDesc>Arrow</EdgeDesc>
        <Begin>4.NF.3.a,b,c</Begin>
        <End>4.MD.2</End>
    </row>
    <row>
        <EdgeDesc>Arrow</EdgeDesc>
        <Begin>4.NF.3.a,b,c</Begin>
        <End>4.NF.3.d</End>
    </row>
    <row>
        <EdgeDesc>Arrow</EdgeDesc>
        <Begin>4.NF.3.a,b,c</Begin>
        <End>4.NF.5</End>
    </row>
    <row>
        <EdgeDesc>Arrow</EdgeDesc>
        <Begin>4.NF.4</Begin>
        <End>5.NF.4.a||a/b x n</End>
    </row>
    <row>
        <EdgeDesc>Arrow</EdgeDesc>
        <Begin>4.NF.4</Begin>
        <End>5.NF.7</End>
    </row>
    <row>
        <EdgeDesc>Arrow</EdgeDesc>
        <Begin>4.NF.4.a</Begin>
        <End>4.NF.4.b</End>
    </row>
    <row>
        <EdgeDesc>Nondirectional link</EdgeDesc>
        <Begin>4.NF.4.a</Begin>
        <End>4.NF.4.c</End>
    </row>
    <row>
        <EdgeDesc>Nondirectional link</EdgeDesc>
        <Begin>4.NF.4.b</Begin>
        <End>4.NF.4.c</End>
    </row>
    <row>
        <EdgeDesc>Arrow</EdgeDesc>
        <Begin>4.NF.4.c</Begin>
        <End>4.MD.2</End>
    </row>
    <row>
        <EdgeDesc>Arrow</EdgeDesc>
        <Begin>4.NF.5</Begin>
        <End>4.MD.2</End>
    </row>
    <row>
        <EdgeDesc>Arrow</EdgeDesc>
        <Begin>4.NF.5,6</Begin>
        <End>5.NBT.1</End>
    </row>
    <row>
        <EdgeDesc>Arrow</EdgeDesc>
        <Begin>4.NF.6</Begin>
        <End>4.MD.2</End>
    </row>
    <row>
        <EdgeDesc>Arrow</EdgeDesc>
        <Begin>4.NF.6</Begin>
        <End>4.NF.7</End>
    </row>
    <row>
        <EdgeDesc>Arrow</EdgeDesc>
        <Begin>4.NF.7</Begin>
        <End>5.NBT.1</End>
    </row>
    <row>
        <EdgeDesc>Arrow</EdgeDesc>
        <Begin>4.NF.7</Begin>
        <End>5.NBT.3</End>
    </row>
    <row>
        <EdgeDesc>Arrow</EdgeDesc>
        <Begin>4.OA.1,2</Begin>
        <End>4.MD.1</End>
    </row>
    <row>
        <EdgeDesc>Arrow</EdgeDesc>
        <Begin>4.OA.1,2</Begin>
        <End>4.NF.1</End>
    </row>
    <row>
        <EdgeDesc>Arrow</EdgeDesc>
        <Begin>4.OA.1,2</Begin>
        <End>4.NF.4.a</End>
    </row>
    <row>
        <EdgeDesc>Arrow</EdgeDesc>
        <Begin>4.OA.2</Begin>
        <End>6.RP.1</End>
    </row>
    <row>
        <EdgeDesc>Arrow</EdgeDesc>
        <Begin>4.OA.2</Begin>
        <End>6.RP.2</End>
    </row>
    <row>
        <EdgeDesc>Arrow</EdgeDesc>
        <Begin>4.OA.2</Begin>
        <End>8.EE.3</End>
    </row>
    <row>
        <EdgeDesc>Nondirectional link</EdgeDesc>
        <Begin>4.OA.3</Begin>
        <End>4.MD.2</End>
    </row>
    <row>
        <EdgeDesc>Arrow</EdgeDesc>
        <Begin>4.OA.3</Begin>
        <End>7.NS.3</End>
    </row>
    <row>
        <EdgeDesc>Arrow</EdgeDesc>
        <Begin>4.OA.3||no judging reasonableness</Begin>
        <End>4.OA.3</End>
    </row>
    <row>
        <EdgeDesc>Arrow</EdgeDesc>
        <Begin>4.OA.4</Begin>
        <End>6.EE.1</End>
    </row>
    <row>
        <EdgeDesc>Arrow</EdgeDesc>
        <Begin>4.OA.4</Begin>
        <End>6.NS.4</End>
    </row>
    <row>
        <EdgeDesc>Arrow</EdgeDesc>
        <Begin>4.OA.5</Begin>
        <End>5.OA.3</End>
    </row>
    <row>
        <EdgeDesc>Nondirectional link</EdgeDesc>
        <Begin>5.G.1</Begin>
        <End>5.G.2</End>
    </row>
    <row>
        <EdgeDesc>Arrow</EdgeDesc>
        <Begin>5.G.1</Begin>
        <End>6.NS.6.b</End>
    </row>
    <row>
        <EdgeDesc>Arrow</EdgeDesc>
        <Begin>5.G.1</Begin>
        <End>6.NS.6.c</End>
    </row>
    <row>
        <EdgeDesc>Arrow</EdgeDesc>
        <Begin>5.G.2</Begin>
        <End>6.G.3</End>
    </row>
    <row>
        <EdgeDesc>Arrow</EdgeDesc>
        <Begin>5.G.2</Begin>
        <End>6.NS.8</End>
    </row>
    <row>
        <EdgeDesc>Arrow</EdgeDesc>
        <Begin>5.G.2</Begin>
        <End>6.RP.3.a</End>
    </row>
    <row>
        <EdgeDesc>Arrow</EdgeDesc>
        <Begin>5.G.3</Begin>
        <End>5.G.4</End>
    </row>
    <row>
        <EdgeDesc>Arrow</EdgeDesc>
        <Begin>5.MD.2</Begin>
        <End>6.SP.1</End>
    </row>
    <row>
        <EdgeDesc>Arrow</EdgeDesc>
        <Begin>5.MD.2</Begin>
        <End>6.SP.2</End>
    </row>
    <row>
        <EdgeDesc>Arrow</EdgeDesc>
        <Begin>5.MD.2</Begin>
        <End>6.SP.4</End>
    </row>
    <row>
        <EdgeDesc>Arrow</EdgeDesc>
        <Begin>5.MD.3</Begin>
        <End>5.MD.4</End>
    </row>
    <row>
        <EdgeDesc>Arrow</EdgeDesc>
        <Begin>5.MD.3</Begin>
        <End>5.MD.5.a</End>
    </row>
    <row>
        <EdgeDesc>Arrow</EdgeDesc>
        <Begin>5.MD.3</Begin>
        <End>5.MD.5.c</End>
    </row>
    <row>
        <EdgeDesc>Arrow</EdgeDesc>
        <Begin>5.MD.4</Begin>
        <End>5.MD.5.a</End>
    </row>
    <row>
        <EdgeDesc>Arrow</EdgeDesc>
        <Begin>5.MD.5.a</Begin>
        <End>5.MD.5.b</End>
    </row>
    <row>
        <EdgeDesc>Arrow</EdgeDesc>
        <Begin>5.MD.5.a,b</Begin>
        <End>6.G.2||second sentence</End>
    </row>
    <row>
        <EdgeDesc>Arrow</EdgeDesc>
        <Begin>5.MD.5.b</Begin>
        <End>5.MD.5.c</End>
    </row>
    <row>
        <EdgeDesc>Arrow</EdgeDesc>
        <Begin>5.NBT.1</Begin>
        <End>5.NBT.2</End>
    </row>
    <row>
        <EdgeDesc>Arrow</EdgeDesc>
        <Begin>5.NBT.1</Begin>
        <End>5.NBT.3</End>
    </row>
    <row>
        <EdgeDesc>Arrow</EdgeDesc>
        <Begin>5.NBT.1</Begin>
        <End>5.NBT.4</End>
    </row>
    <row>
        <EdgeDesc>Arrow</EdgeDesc>
        <Begin>5.NBT.1</Begin>
        <End>5.NBT.5||no fluency</End>
    </row>
    <row>
        <EdgeDesc>Arrow</EdgeDesc>
        <Begin>5.NBT.1</Begin>
        <End>5.NBT.6||three-digit dividends</End>
    </row>
    <row>
        <EdgeDesc>Arrow</EdgeDesc>
        <Begin>5.NBT.1</Begin>
        <End>5.NBT.7</End>
    </row>
    <row>
        <EdgeDesc>Nondirectional link</EdgeDesc>
        <Begin>5.NBT.2</Begin>
        <End>5.NBT.5||no fluency</End>
    </row>
    <row>
        <EdgeDesc>Nondirectional link</EdgeDesc>
        <Begin>5.NBT.2</Begin>
        <End>5.NBT.7</End>
    </row>
    <row>
        <EdgeDesc>Arrow</EdgeDesc>
        <Begin>5.NBT.2</Begin>
        <End>6.EE.1</End>
    </row>
    <row>
        <EdgeDesc>Arrow</EdgeDesc>
        <Begin>5.NBT.2</Begin>
        <End>8.EE.3</End>
    </row>
    <row>
        <EdgeDesc>Arrow</EdgeDesc>
        <Begin>5.NBT.3</Begin>
        <End>5.NBT.4</End>
    </row>
    <row>
        <EdgeDesc>Arrow</EdgeDesc>
        <Begin>5.NBT.5</Begin>
        <End>5.NBT.6</End>
    </row>
    <row>
        <EdgeDesc>Nondirectional link</EdgeDesc>
        <Begin>5.NBT.5</Begin>
        <End>5.NBT.7||no concrete</End>
    </row>
    <row>
        <EdgeDesc>Arrow</EdgeDesc>
        <Begin>5.NBT.5</Begin>
        <End>6.NS.3</End>
    </row>
    <row>
        <EdgeDesc>Arrow</EdgeDesc>
        <Begin>5.NBT.5||no fluency</Begin>
        <End>5.NBT.5</End>
    </row>
    <row>
        <EdgeDesc>Arrow</EdgeDesc>
        <Begin>5.NBT.5||no fluency</Begin>
        <End>5.NBT.6||three-digit dividends</End>
    </row>
    <row>
        <EdgeDesc>Nondirectional link</EdgeDesc>
        <Begin>5.NBT.5||no fluency</Begin>
        <End>5.NBT.7</End>
    </row>
    <row>
        <EdgeDesc>Nondirectional link</EdgeDesc>
        <Begin>5.NBT.6</Begin>
        <End>5.NBT.7||no concrete</End>
    </row>
    <row>
        <EdgeDesc>Arrow</EdgeDesc>
        <Begin>5.NBT.6</Begin>
        <End>6.NS.2</End>
    </row>
    <row>
        <EdgeDesc>Arrow</EdgeDesc>
        <Begin>5.NBT.6</Begin>
        <End>6.NS.3</End>
    </row>
    <row>
        <EdgeDesc>Arrow</EdgeDesc>
        <Begin>5.NBT.6||three-digit dividends</Begin>
        <End>5.NBT.6</End>
    </row>
    <row>
        <EdgeDesc>Nondirectional link</EdgeDesc>
        <Begin>5.NBT.6||three-digit dividends</Begin>
        <End>5.NBT.7</End>
    </row>
    <row>
        <EdgeDesc>Arrow</EdgeDesc>
        <Begin>5.NBT.7</Begin>
        <End>5.NBT.7||no concrete</End>
    </row>
    <row>
        <EdgeDesc>Arrow</EdgeDesc>
        <Begin>5.NBT.7</Begin>
        <End>6.NS.3</End>
    </row>
    <row>
        <EdgeDesc>Arrow</EdgeDesc>
        <Begin>5.NBT.7||no concrete</Begin>
        <End>5.MD.1</End>
    </row>
    <row>
        <EdgeDesc>Arrow</EdgeDesc>
        <Begin>5.NF.1</Begin>
        <End>5.NBT.7</End>
    </row>
    <row>
        <EdgeDesc>Arrow</EdgeDesc>
        <Begin>5.NF.1</Begin>
        <End>5.NF.2||no estimation</End>
    </row>
    <row>
        <EdgeDesc>Arrow</EdgeDesc>
        <Begin>5.NF.1</Begin>
        <End>6.EE.7||whole numbers</End>
    </row>
    <row>
        <EdgeDesc>Arrow</EdgeDesc>
        <Begin>5.NF.1</Begin>
        <End>7.NS.1.d</End>
    </row>
    <row>
        <EdgeDesc>Arrow</EdgeDesc>
        <Begin>5.NF.2</Begin>
        <End>5.MD.2</End>
    </row>
    <row>
        <EdgeDesc>Arrow</EdgeDesc>
        <Begin>5.NF.2||no estimation</Begin>
        <End>5.MD.2</End>
    </row>
    <row>
        <EdgeDesc>Arrow</EdgeDesc>
        <Begin>5.NF.2||no estimation</Begin>
        <End>5.NF.2</End>
    </row>
    <row>
        <EdgeDesc>Nondirectional link</EdgeDesc>
        <Begin>5.NF.3</Begin>
        <End>5.NF.4.a||a/b x n</End>
    </row>
    <row>
        <EdgeDesc>Nondirectional link</EdgeDesc>
        <Begin>5.NF.3</Begin>
        <End>5.NF.5</End>
    </row>
    <row>
        <EdgeDesc>Arrow</EdgeDesc>
        <Begin>5.NF.3</Begin>
        <End>6.RP.2</End>
    </row>
    <row>
        <EdgeDesc>Arrow</EdgeDesc>
        <Begin>5.NF.3</Begin>
        <End>7.NS.2.d</End>
    </row>
    <row>
        <EdgeDesc>Arrow</EdgeDesc>
        <Begin>5.NF.4</Begin>
        <End>5.NBT.7</End>
    </row>
    <row>
        <EdgeDesc>Arrow</EdgeDesc>
        <Begin>5.NF.4</Begin>
        <End>5.NBT.7||no concrete</End>
    </row>
    <row>
        <EdgeDesc>Arrow</EdgeDesc>
        <Begin>5.NF.4</Begin>
        <End>5.NF.5</End>
    </row>
    <row>
        <EdgeDesc>Nondirectional link</EdgeDesc>
        <Begin>5.NF.4</Begin>
        <End>5.NF.7</End>
    </row>
    <row>
        <EdgeDesc>Arrow</EdgeDesc>
        <Begin>5.NF.4</Begin>
        <End>6.EE.7||whole numbers</End>
    </row>
    <row>
        <EdgeDesc>Arrow</EdgeDesc>
        <Begin>5.NF.4</Begin>
        <End>6.G.1</End>
    </row>
    <row>
        <EdgeDesc>Arrow</EdgeDesc>
        <Begin>5.NF.4</Begin>
        <End>7.NS.2.c</End>
    </row>
    <row>
        <EdgeDesc>Arrow</EdgeDesc>
        <Begin>5.NF.4</Begin>
        <End>7.SP.3</End>
    </row>
    <row>
        <EdgeDesc>Arrow</EdgeDesc>
        <Begin>5.NF.4.a||a/b x n</Begin>
        <End>5.NF.4</End>
    </row>
    <row>
        <EdgeDesc>Nondirectional link</EdgeDesc>
        <Begin>5.NF.4.a||a/b x n</Begin>
        <End>5.NF.6||a/b x n</End>
    </row>
    <row>
        <EdgeDesc>Nondirectional link</EdgeDesc>
        <Begin>5.NF.5</Begin>
        <End>5.OA.2</End>
    </row>
    <row>
        <EdgeDesc>Arrow</EdgeDesc>
        <Begin>5.NF.5</Begin>
        <End>6.RP.1</End>
    </row>
    <row>
        <EdgeDesc>Arrow</EdgeDesc>
        <Begin>5.NF.6</Begin>
        <End>5.MD.2</End>
    </row>
    <row>
        <EdgeDesc>Nondirectional link</EdgeDesc>
        <Begin>5.NF.6</Begin>
        <End>5.NF.7</End>
    </row>
    <row>
        <EdgeDesc>Arrow</EdgeDesc>
        <Begin>5.NF.6||a/b x n</Begin>
        <End>5.NF.6||no mixed</End>
    </row>
    <row>
        <EdgeDesc>Nondirectional link</EdgeDesc>
        <Begin>5.NF.6||no mixed</Begin>
        <End>5.NF.4</End>
    </row>
    <row>
        <EdgeDesc>Nondirectional link</EdgeDesc>
        <Begin>5.NF.6||no mixed</Begin>
        <End>5.NF.5</End>
    </row>
    <row>
        <EdgeDesc>Arrow</EdgeDesc>
        <Begin>5.NF.6||no mixed</Begin>
        <End>5.NF.6</End>
    </row>
    <row>
        <EdgeDesc>Arrow</EdgeDesc>
        <Begin>5.NF.7</Begin>
        <End>5.NBT.7||no concrete</End>
    </row>
    <row>
        <EdgeDesc>Arrow</EdgeDesc>
        <Begin>5.NF.7</Begin>
        <End>6.NS.1</End>
    </row>
    <row>
        <EdgeDesc>Arrow</EdgeDesc>
        <Begin>5.NF.7</Begin>
        <End>6.RP.2</End>
    </row>
    <row>
        <EdgeDesc>Arrow</EdgeDesc>
        <Begin>5.NF.7.c</Begin>
        <End>5.MD.2</End>
    </row>
    <row>
        <EdgeDesc>Arrow</EdgeDesc>
        <Begin>5.OA.1</Begin>
        <End>5.OA.2</End>
    </row>
    <row>
        <EdgeDesc>Arrow</EdgeDesc>
        <Begin>5.OA.2</Begin>
        <End>6.EE.2</End>
    </row>
    <row>
        <EdgeDesc>Arrow</EdgeDesc>
        <Begin>5.OA.2</Begin>
        <End>6.EE.3,4</End>
    </row>
    <row>
        <EdgeDesc>Arrow</EdgeDesc>
        <Begin>5.OA.2</Begin>
        <End>6.NS.4</End>
    </row>
    <row>
        <EdgeDesc>Arrow</EdgeDesc>
        <Begin>5.OA.3</Begin>
        <End>6.EE.2</End>
    </row>
    <row>
        <EdgeDesc>Arrow</EdgeDesc>
        <Begin>5.OA.3</Begin>
        <End>6.EE.9</End>
    </row>
    <row>
        <EdgeDesc>Arrow</EdgeDesc>
        <Begin>5.OA.3</Begin>
        <End>6.RP.1</End>
    </row>
    <row>
        <EdgeDesc>Arrow</EdgeDesc>
        <Begin>6.EE.1</Begin>
        <End>6.EE.2</End>
    </row>
    <row>
        <EdgeDesc>Arrow</EdgeDesc>
        <Begin>6.EE.1</Begin>
        <End>8.EE.1</End>
    </row>
    <row>
        <EdgeDesc>Arrow</EdgeDesc>
        <Begin>6.EE.2</Begin>
        <End>6.EE.3,4</End>
    </row>
    <row>
        <EdgeDesc>Arrow</EdgeDesc>
        <Begin>6.EE.2</Begin>
        <End>6.EE.5</End>
    </row>
    <row>
        <EdgeDesc>Arrow</EdgeDesc>
        <Begin>6.EE.2</Begin>
        <End>6.EE.6</End>
    </row>
    <row>
        <EdgeDesc>Arrow</EdgeDesc>
        <Begin>6.EE.2.b</Begin>
        <End>A1.2.3.3</End>
    </row>
    <row>
        <EdgeDesc>Arrow</EdgeDesc>
        <Begin>6.EE.3,4</Begin>
        <End>7.EE.1</End>
    </row>
    <row>
        <EdgeDesc>Nondirectional link</EdgeDesc>
        <Begin>6.EE.5</Begin>
        <End>6.EE.7||whole numbers</End>
    </row>
    <row>
        <EdgeDesc>Nondirectional link</EdgeDesc>
        <Begin>6.EE.5</Begin>
        <End>6.EE.8</End>
    </row>
    <row>
        <EdgeDesc>Arrow</EdgeDesc>
        <Begin>6.EE.5</Begin>
        <End>8.EE.2</End>
    </row>
    <row>
        <EdgeDesc>Arrow</EdgeDesc>
        <Begin>6.EE.5</Begin>
        <End>8.EE.8</End>
    </row>
    <row>
        <EdgeDesc>Arrow</EdgeDesc>
        <Begin>6.EE.5</Begin>
        <End>A1.2.2.1</End>
    </row>
    <row>
        <EdgeDesc>Nondirectional link</EdgeDesc>
        <Begin>6.EE.6</Begin>
        <End>6.EE.7||whole numbers</End>
    </row>
    <row>
        <EdgeDesc>Arrow</EdgeDesc>
        <Begin>6.EE.6</Begin>
        <End>7.EE.4.a||no fluency</End>
    </row>
    <row>
        <EdgeDesc>Arrow</EdgeDesc>
        <Begin>6.EE.6</Begin>
        <End>7.EE.4.b</End>
    </row>
    <row>
        <EdgeDesc>Arrow</EdgeDesc>
        <Begin>6.EE.7</Begin>
        <End>7.EE.4.a||no fluency</End>
    </row>
    <row>
        <EdgeDesc>Arrow</EdgeDesc>
        <Begin>6.EE.7||whole numbers</Begin>
        <End>6.EE.7</End>
    </row>
    <row>
        <EdgeDesc>Nondirectional link</EdgeDesc>
        <Begin>6.EE.7||whole numbers</Begin>
        <End>6.EE.9</End>
    </row>
    <row>
        <EdgeDesc>Nondirectional link</EdgeDesc>
        <Begin>6.EE.7||whole numbers</Begin>
        <End>6.RP.3.b</End>
    </row>
    <row>
        <EdgeDesc>Arrow</EdgeDesc>
        <Begin>6.EE.8</Begin>
        <End>7.EE.4.b</End>
    </row>
    <row>
        <EdgeDesc>Nondirectional link</EdgeDesc>
        <Begin>6.EE.9</Begin>
        <End>6.EE.7</End>
    </row>
    <row>
        <EdgeDesc>Nondirectional link</EdgeDesc>
        <Begin>6.EE.9</Begin>
        <End>6.RP.3.b</End>
    </row>
    <row>
        <EdgeDesc>Arrow</EdgeDesc>
        <Begin>6.G.1</Begin>
        <End>6.G.4</End>
    </row>
    <row>
        <EdgeDesc>Arrow</EdgeDesc>
        <Begin>6.G.1</Begin>
        <End>7.G.1</End>
    </row>
    <row>
        <EdgeDesc>Arrow</EdgeDesc>
        <Begin>6.G.1</Begin>
        <End>7.G.4</End>
    </row>
    <row>
        <EdgeDesc>Arrow</EdgeDesc>
        <Begin>6.G.1</Begin>
        <End>7.G.6</End>
    </row>
    <row>
        <EdgeDesc>Arrow</EdgeDesc>
        <Begin>6.G.1,2</Begin>
        <End>G.3.3.1</End>
    </row>
    <row>
        <EdgeDesc>Arrow</EdgeDesc>
        <Begin>6.G.1,2</Begin>
        <End>G.3.3.3</End>
    </row>
    <row>
        <EdgeDesc>Arrow</EdgeDesc>
        <Begin>6.G.2</Begin>
        <End>7.G.6</End>
    </row>
    <row>
        <EdgeDesc>Arrow</EdgeDesc>
        <Begin>6.G.3</Begin>
        <End>8.G.3</End>
    </row>
    <row>
        <EdgeDesc>Arrow</EdgeDesc>
        <Begin>6.G.3</Begin>
        <End>8.G.8</End>
    </row>
    <row>
        <EdgeDesc>Arrow</EdgeDesc>
        <Begin>6.G.3</Begin>
        <End>G.1.7.4</End>
    </row>
    <row>
        <EdgeDesc>Arrow</EdgeDesc>
        <Begin>6.G.4</Begin>
        <End>7.G.6</End>
    </row>
    <row>
        <EdgeDesc>Arrow</EdgeDesc>
        <Begin>6.G.4</Begin>
        <End>G.3.2.1</End>
    </row>
    <row>
        <EdgeDesc>Arrow</EdgeDesc>
        <Begin>6.NS.1</Begin>
        <End>6.EE.7||whole numbers</End>
    </row>
    <row>
        <EdgeDesc>Arrow</EdgeDesc>
        <Begin>6.NS.1</Begin>
        <End>7.NS.2.c</End>
    </row>
    <row>
        <EdgeDesc>Arrow</EdgeDesc>
        <Begin>6.NS.1</Begin>
        <End>7.SP.3</End>
    </row>
    <row>
        <EdgeDesc>Arrow</EdgeDesc>
        <Begin>6.NS.2</Begin>
        <End>6.NS.3</End>
    </row>
    <row>
        <EdgeDesc>Arrow</EdgeDesc>
        <Begin>6.NS.3</Begin>
        <End>7.NS.3</End>
    </row>
    <row>
        <EdgeDesc>Arrow</EdgeDesc>
        <Begin>6.NS.4</Begin>
        <End>6.EE.3,4</End>
    </row>
    <row>
        <EdgeDesc>Arrow</EdgeDesc>
        <Begin>6.NS.5</Begin>
        <End>6.NS.6.a</End>
    </row>
    <row>
        <EdgeDesc>Arrow</EdgeDesc>
        <Begin>6.NS.5</Begin>
        <End>7.NS.1.a</End>
    </row>
    <row>
        <EdgeDesc>Arrow</EdgeDesc>
        <Begin>6.NS.6.a</Begin>
        <End>6.EE.8</End>
    </row>
    <row>
        <EdgeDesc>Arrow</EdgeDesc>
        <Begin>6.NS.6.a</Begin>
        <End>6.NS.6.b</End>
    </row>
    <row>
        <EdgeDesc>Arrow</EdgeDesc>
        <Begin>6.NS.6.a</Begin>
        <End>6.NS.6.c</End>
    </row>
    <row>
        <EdgeDesc>Arrow</EdgeDesc>
        <Begin>6.NS.6.a</Begin>
        <End>6.NS.7.c</End>
    </row>
    <row>
        <EdgeDesc>Arrow</EdgeDesc>
        <Begin>6.NS.6.a</Begin>
        <End>7.NS.1.a</End>
    </row>
    <row>
        <EdgeDesc>Arrow</EdgeDesc>
        <Begin>6.NS.6.a</Begin>
        <End>7.NS.1.b</End>
    </row>
    <row>
        <EdgeDesc>Nondirectional link</EdgeDesc>
        <Begin>6.NS.6.b</Begin>
        <End>6.NS.6.c</End>
    </row>
    <row>
        <EdgeDesc>Arrow</EdgeDesc>
        <Begin>6.NS.6.b</Begin>
        <End>6.NS.8</End>
    </row>
    <row>
        <EdgeDesc>Arrow</EdgeDesc>
        <Begin>6.NS.6.c</Begin>
        <End>6.EE.8</End>
    </row>
    <row>
        <EdgeDesc>Arrow</EdgeDesc>
        <Begin>6.NS.6.c</Begin>
        <End>6.NS.7.a</End>
    </row>
    <row>
        <EdgeDesc>Arrow</EdgeDesc>
        <Begin>6.NS.6.c</Begin>
        <End>6.NS.7.b</End>
    </row>
    <row>
        <EdgeDesc>Arrow</EdgeDesc>
        <Begin>6.NS.7.a</Begin>
        <End>6.EE.8</End>
    </row>
    <row>
        <EdgeDesc>Arrow</EdgeDesc>
        <Begin>6.NS.7.a</Begin>
        <End>6.NS.7.d</End>
    </row>
    <row>
        <EdgeDesc>Arrow</EdgeDesc>
        <Begin>6.NS.7.b</Begin>
        <End>6.EE.8</End>
    </row>
    <row>
        <EdgeDesc>Nondirectional link</EdgeDesc>
        <Begin>6.NS.7.b</Begin>
        <End>6.NS.7.a</End>
    </row>
    <row>
        <EdgeDesc>Arrow</EdgeDesc>
        <Begin>6.NS.7.b</Begin>
        <End>6.NS.7.d</End>
    </row>
    <row>
        <EdgeDesc>Arrow</EdgeDesc>
        <Begin>6.NS.7.c</Begin>
        <End>6.NS.7.d</End>
    </row>
    <row>
        <EdgeDesc>Arrow</EdgeDesc>
        <Begin>6.NS.7.c</Begin>
        <End>7.NS.1.b</End>
    </row>
    <row>
        <EdgeDesc>Arrow</EdgeDesc>
        <Begin>6.NS.7.c</Begin>
        <End>7.NS.1.c</End>
    </row>
    <row>
        <EdgeDesc>Nondirectional link</EdgeDesc>
        <Begin>6.NS.8</Begin>
        <End>6.G.3</End>
    </row>
    <row>
        <EdgeDesc>Arrow</EdgeDesc>
        <Begin>6.NS.8</Begin>
        <End>8.SP.1</End>
    </row>
    <row>
        <EdgeDesc>Arrow</EdgeDesc>
        <Begin>6.RP.1</Begin>
        <End>6.RP.2</End>
    </row>
    <row>
        <EdgeDesc>Arrow</EdgeDesc>
        <Begin>6.RP.1</Begin>
        <End>6.RP.3.a</End>
    </row>
    <row>
        <EdgeDesc>Arrow</EdgeDesc>
        <Begin>6.RP.2</Begin>
        <End>6.RP.3.b</End>
    </row>
    <row>
        <EdgeDesc>Arrow</EdgeDesc>
        <Begin>6.RP.2</Begin>
        <End>6.RP.3.c</End>
    </row>
    <row>
        <EdgeDesc>Arrow</EdgeDesc>
        <Begin>6.RP.2</Begin>
        <End>6.RP.3.d</End>
    </row>
    <row>
        <EdgeDesc>Arrow</EdgeDesc>
        <Begin>6.RP.2</Begin>
        <End>7.RP.1</End>
    </row>
    <row>
        <EdgeDesc>Arrow</EdgeDesc>
        <Begin>6.RP.2</Begin>
        <End>7.RP.2</End>
    </row>
    <row>
        <EdgeDesc>Arrow</EdgeDesc>
        <Begin>6.RP.3</Begin>
        <End>7.RP.2</End>
    </row>
    <row>
        <EdgeDesc>Arrow</EdgeDesc>
        <Begin>6.RP.3</Begin>
        <End>7.RP.3</End>
    </row>
    <row>
        <EdgeDesc>Nondirectional link</EdgeDesc>
        <Begin>6.RP.3.a</Begin>
        <End>6.EE.9</End>
    </row>
    <row>
        <EdgeDesc>Arrow</EdgeDesc>
        <Begin>6.RP.3.a</Begin>
        <End>6.RP.3.b</End>
    </row>
    <row>
        <EdgeDesc>Nondirectional link</EdgeDesc>
        <Begin>6.RP.3.b</Begin>
        <End>6.EE.7</End>
    </row>
    <row>
        <EdgeDesc>Nondirectional link</EdgeDesc>
        <Begin>6.RP.3.c</Begin>
        <End>6.EE.7</End>
    </row>
    <row>
        <EdgeDesc>Arrow</EdgeDesc>
        <Begin>6.RP.3.d</Begin>
        <End>A1.2.3.1,2</End>
    </row>
    <row>
        <EdgeDesc>Arrow</EdgeDesc>
        <Begin>6.SP.1</Begin>
        <End>6.SP.3</End>
    </row>
    <row>
        <EdgeDesc>Arrow</EdgeDesc>
        <Begin>6.SP.1</Begin>
        <End>7.SP.1</End>
    </row>
    <row>
        <EdgeDesc>Arrow</EdgeDesc>
        <Begin>6.SP.2</Begin>
        <End>6.SP.3</End>
    </row>
    <row>
        <EdgeDesc>Arrow</EdgeDesc>
        <Begin>6.SP.2</Begin>
        <End>6.SP.5</End>
    </row>
    <row>
        <EdgeDesc>Arrow</EdgeDesc>
        <Begin>6.SP.2</Begin>
        <End>7.SP.1</End>
    </row>
    <row>
        <EdgeDesc>Arrow</EdgeDesc>
        <Begin>6.SP.2</Begin>
        <End>7.SP.3</End>
    </row>
    <row>
        <EdgeDesc>Arrow</EdgeDesc>
        <Begin>6.SP.2</Begin>
        <End>A1.4.1.3</End>
    </row>
    <row>
        <EdgeDesc>Arrow</EdgeDesc>
        <Begin>6.SP.3</Begin>
        <End>6.SP.5</End>
    </row>
    <row>
        <EdgeDesc>Arrow</EdgeDesc>
        <Begin>6.SP.3</Begin>
        <End>A1.4.1.2</End>
    </row>
    <row>
        <EdgeDesc>Nondirectional link</EdgeDesc>
        <Begin>6.SP.4</Begin>
        <End>6.SP.5</End>
    </row>
    <row>
        <EdgeDesc>Arrow</EdgeDesc>
        <Begin>6.SP.4</Begin>
        <End>A1.4.1.1</End>
    </row>
    <row>
        <EdgeDesc>Arrow</EdgeDesc>
        <Begin>6.SP.5.c,d</Begin>
        <End>A1.4.1.3</End>
    </row>
    <row>
        <EdgeDesc>Nondirectional link</EdgeDesc>
        <Begin>7.EE.1</Begin>
        <End>7.EE.2</End>
    </row>
    <row>
        <EdgeDesc>Arrow</EdgeDesc>
        <Begin>7.EE.1</Begin>
        <End>8.EE.7.b</End>
    </row>
    <row>
        <EdgeDesc>Arrow</EdgeDesc>
        <Begin>7.EE.1</Begin>
        <End>A1.2.3.7</End>
    </row>
    <row>
        <EdgeDesc>Arrow</EdgeDesc>
        <Begin>7.EE.1</Begin>
        <End>A1.2.4.1</End>
    </row>
    <row>
        <EdgeDesc>Arrow</EdgeDesc>
        <Begin>7.EE.1</Begin>
        <End>A1.2.4.4</End>
    </row>
    <row>
        <EdgeDesc>Arrow</EdgeDesc>
        <Begin>7.EE.2</Begin>
        <End>A1.2.3.3</End>
    </row>
    <row>
        <EdgeDesc>Arrow</EdgeDesc>
        <Begin>7.EE.3</Begin>
        <End>8.EE.4</End>
    </row>
    <row>
        <EdgeDesc>Arrow</EdgeDesc>
        <Begin>7.EE.4.a</Begin>
        <End>7.EE.4.b</End>
    </row>
    <row>
        <EdgeDesc>Arrow</EdgeDesc>
        <Begin>7.EE.4.a</Begin>
        <End>8.EE.7.b</End>
    </row>
    <row>
        <EdgeDesc>Arrow</EdgeDesc>
        <Begin>7.EE.4.a</Begin>
        <End>8.EE.8</End>
    </row>
    <row>
        <EdgeDesc>Arrow</EdgeDesc>
        <Begin>7.EE.4.a||no fluency</Begin>
        <End>7.EE.4.a</End>
    </row>
    <row>
        <EdgeDesc>Arrow</EdgeDesc>
        <Begin>7.EE.4.b</Begin>
        <End>A1.2.1.2</End>
    </row>
    <row>
        <EdgeDesc>Arrow</EdgeDesc>
        <Begin>7.EE.4.b</Begin>
        <End>A1.2.3.4||linear</End>
    </row>
    <row>
        <EdgeDesc>Arrow</EdgeDesc>
        <Begin>7.G.1</Begin>
        <End>8.EE.6</End>
    </row>
    <row>
        <EdgeDesc>Arrow</EdgeDesc>
        <Begin>7.G.1</Begin>
        <End>G.3.3.3</End>
    </row>
    <row>
        <EdgeDesc>Arrow</EdgeDesc>
        <Begin>7.G.2</Begin>
        <End>G.1.2.3</End>
    </row>
    <row>
        <EdgeDesc>Arrow</EdgeDesc>
        <Begin>7.G.2</Begin>
        <End>G.1.4.1</End>
    </row>
    <row>
        <EdgeDesc>Arrow</EdgeDesc>
        <Begin>7.G.2</Begin>
        <End>8.G.1</End>
    </row>
    <row>
        <EdgeDesc>Arrow</EdgeDesc>
        <Begin>7.G.3</Begin>
        <End>G.3.2.1</End>
    </row>
    <row>
        <EdgeDesc>Arrow</EdgeDesc>
        <Begin>7.G.4</Begin>
        <End>G.3.3.1</End>
    </row>
    <row>
        <EdgeDesc>Arrow</EdgeDesc>
        <Begin>7.G.4</Begin>
        <End>G.3.3.3</End>
    </row>
    <row>
        <EdgeDesc>Arrow</EdgeDesc>
        <Begin>7.G.5</Begin>
        <End>G.1.5.5</End>
    </row>
    <row>
        <EdgeDesc>Arrow</EdgeDesc>
        <Begin>7.G.5</Begin>
        <End>8.G.1</End>
    </row>
    <row>
        <EdgeDesc>Arrow</EdgeDesc>
        <Begin>7.G.6</Begin>
        <End>8.G.6</End>
    </row>
    <row>
        <EdgeDesc>Arrow</EdgeDesc>
        <Begin>7.G.6</Begin>
        <End>G.3.3.1</End>
    </row>
    <row>
        <EdgeDesc>Arrow</EdgeDesc>
        <Begin>7.G.6</Begin>
        <End>G.3.3.3</End>
    </row>
    <row>
        <EdgeDesc>Nondirectional link</EdgeDesc>
        <Begin>7.NS.1.a</Begin>
        <End>7.NS.1.b</End>
    </row>
    <row>
        <EdgeDesc>Arrow</EdgeDesc>
        <Begin>7.NS.1.b</Begin>
        <End>7.NS.1.c</End>
    </row>
    <row>
        <EdgeDesc>Arrow</EdgeDesc>
        <Begin>7.NS.1.b</Begin>
        <End>7.NS.1.d</End>
    </row>
    <row>
        <EdgeDesc>Arrow</EdgeDesc>
        <Begin>7.NS.1.c</Begin>
        <End>7.NS.1.d</End>
    </row>
    <row>
        <EdgeDesc>Arrow</EdgeDesc>
        <Begin>7.NS.1.d</Begin>
        <End>7.NS.2.a</End>
    </row>
    <row>
        <EdgeDesc>Arrow</EdgeDesc>
        <Begin>7.NS.1.d</Begin>
        <End>7.NS.3</End>
    </row>
    <row>
        <EdgeDesc>Nondirectional link</EdgeDesc>
        <Begin>7.NS.2.a</Begin>
        <End>7.NS.2.b</End>
    </row>
    <row>
        <EdgeDesc>Nondirectional link</EdgeDesc>
        <Begin>7.NS.2.a</Begin>
        <End>7.NS.2.c</End>
    </row>
    <row>
        <EdgeDesc>Nondirectional link</EdgeDesc>
        <Begin>7.NS.2.c</Begin>
        <End>7.NS.2.b</End>
    </row>
    <row>
        <EdgeDesc>Arrow</EdgeDesc>
        <Begin>7.NS.2.c</Begin>
        <End>7.NS.3</End>
    </row>
    <row>
        <EdgeDesc>Arrow</EdgeDesc>
        <Begin>7.NS.2.d</Begin>
        <End>7.NS.3</End>
    </row>
    <row>
        <EdgeDesc>Arrow</EdgeDesc>
        <Begin>7.NS.2.d</Begin>
        <End>8.NS.1</End>
    </row>
    <row>
        <EdgeDesc>Arrow</EdgeDesc>
        <Begin>7.NS.3</Begin>
        <End>7.EE.3</End>
    </row>
    <row>
        <EdgeDesc>Arrow</EdgeDesc>
        <Begin>7.NS.3</Begin>
        <End>7.EE.4.a</End>
    </row>
    <row>
        <EdgeDesc>Arrow</EdgeDesc>
        <Begin>7.NS.3</Begin>
        <End>7.EE.4.a||no fluency</End>
    </row>
    <row>
        <EdgeDesc>Arrow</EdgeDesc>
        <Begin>7.NS.3</Begin>
        <End>8.EE.2</End>
    </row>
    <row>
        <EdgeDesc>Arrow</EdgeDesc>
        <Begin>7.RP.1</Begin>
        <End>7.RP.2</End>
    </row>
    <row>
        <EdgeDesc>Arrow</EdgeDesc>
        <Begin>7.RP.1</Begin>
        <End>A1.2.3.1,2</End>
    </row>
    <row>
        <EdgeDesc>Nondirectional link</EdgeDesc>
        <Begin>7.RP.2</Begin>
        <End>7.EE.4.a||no fluency</End>
    </row>
    <row>
        <EdgeDesc>Arrow</EdgeDesc>
        <Begin>7.RP.2</Begin>
        <End>7.G.1</End>
    </row>
    <row>
        <EdgeDesc>Arrow</EdgeDesc>
        <Begin>7.RP.2</Begin>
        <End>7.RP.3</End>
    </row>
    <row>
        <EdgeDesc>Arrow</EdgeDesc>
        <Begin>7.RP.2</Begin>
        <End>8.EE.5</End>
    </row>
    <row>
        <EdgeDesc>Arrow</EdgeDesc>
        <Begin>7.RP.2</Begin>
        <End>8.EE.6</End>
    </row>
    <row>
        <EdgeDesc>Arrow</EdgeDesc>
        <Begin>7.RP.2</Begin>
        <End>8.F.1</End>
    </row>
    <row>
        <EdgeDesc>Arrow</EdgeDesc>
        <Begin>7.RP.2</Begin>
        <End>8.F.2</End>
    </row>
    <row>
        <EdgeDesc>Arrow</EdgeDesc>
        <Begin>7.RP.2</Begin>
        <End>8.F.4</End>
    </row>
    <row>
        <EdgeDesc>Arrow</EdgeDesc>
        <Begin>7.RP.3</Begin>
        <End>7.SP.6</End>
    </row>
    <row>
        <EdgeDesc>Arrow</EdgeDesc>
        <Begin>7.RP.3</Begin>
        <End>7.SP.7</End>
    </row>
    <row>
        <EdgeDesc>Arrow</EdgeDesc>
        <Begin>7.RP.3</Begin>
        <End>7.SP.8</End>
    </row>
    <row>
        <EdgeDesc>Arrow</EdgeDesc>
        <Begin>7.SP.1</Begin>
        <End>7.SP.2</End>
    </row>
    <row>
        <EdgeDesc>Arrow</EdgeDesc>
        <Begin>7.SP.2</Begin>
        <End>7.SP.4</End>
    </row>
    <row>
        <EdgeDesc>Arrow</EdgeDesc>
        <Begin>7.SP.3</Begin>
        <End>7.SP.4</End>
    </row>
    <row>
        <EdgeDesc>Arrow</EdgeDesc>
        <Begin>7.SP.5</Begin>
        <End>7.SP.1</End>
    </row>
    <row>
        <EdgeDesc>Arrow</EdgeDesc>
        <Begin>7.SP.5</Begin>
        <End>7.SP.6</End>
    </row>
    <row>
        <EdgeDesc>Arrow</EdgeDesc>
        <Begin>7.SP.6</Begin>
        <End>7.SP.7</End>
    </row>
    <row>
        <EdgeDesc>Arrow</EdgeDesc>
        <Begin>7.SP.7</Begin>
        <End>7.SP.8</End>
    </row>
    <row>
        <EdgeDesc>Arrow</EdgeDesc>
        <Begin>8.EE.1</Begin>
        <End>8.EE.3</End>
    </row>
    <row>
        <EdgeDesc>Arrow</EdgeDesc>
        <Begin>8.EE.1</Begin>
        <End>8.EE.4</End>
    </row>
    <row>
        <EdgeDesc>Arrow</EdgeDesc>
        <Begin>8.EE.1</Begin>
        <End>A1.1.1.1</End>
    </row>
    <row>
        <EdgeDesc>Arrow</EdgeDesc>
        <Begin>8.EE.1</Begin>
        <End>A1.1.1.2</End>
    </row>
    <row>
        <EdgeDesc>Arrow</EdgeDesc>
        <Begin>8.EE.1</Begin>
        <End>A1.2.4.1</End>
    </row>
    <row>
        <EdgeDesc>Nondirectional link</EdgeDesc>
        <Begin>8.EE.2</Begin>
        <End>8.G.6</End>
    </row>
    <row>
        <EdgeDesc>Arrow</EdgeDesc>
        <Begin>8.EE.2</Begin>
        <End>8.G.9</End>
    </row>
    <row>
        <EdgeDesc>Arrow</EdgeDesc>
        <Begin>8.EE.2</Begin>
        <End>A1.1.1.1</End>
    </row>
    <row>
        <EdgeDesc>Arrow</EdgeDesc>
        <Begin>8.EE.2</Begin>
        <End>A1.1.1.2</End>
    </row>
    <row>
        <EdgeDesc>Arrow</EdgeDesc>
        <Begin>8.EE.2</Begin>
        <End>A1.2.2.2</End>
    </row>
    <row>
        <EdgeDesc>Nondirectional link</EdgeDesc>
        <Begin>8.EE.3</Begin>
        <End>8.EE.4</End>
    </row>
    <row>
        <EdgeDesc>Arrow</EdgeDesc>
        <Begin>8.EE.3</Begin>
        <End>A1.2.3.1,2</End>
    </row>
    <row>
        <EdgeDesc>Arrow</EdgeDesc>
        <Begin>8.EE.4</Begin>
        <End>A1.2.3.1,2</End>
    </row>
    <row>
        <EdgeDesc>Nondirectional link</EdgeDesc>
        <Begin>8.EE.5</Begin>
        <End>8.EE.6</End>
    </row>
    <row>
        <EdgeDesc>Arrow</EdgeDesc>
        <Begin>8.EE.5</Begin>
        <End>8.F.2</End>
    </row>
    <row>
        <EdgeDesc>Arrow</EdgeDesc>
        <Begin>8.EE.5</Begin>
        <End>A1.2.1.1</End>
    </row>
    <row>
        <EdgeDesc>Arrow</EdgeDesc>
        <Begin>8.EE.6</Begin>
        <End>8.EE.8</End>
    </row>
    <row>
        <EdgeDesc>Arrow</EdgeDesc>
        <Begin>8.EE.6</Begin>
        <End>8.F.2</End>
    </row>
    <row>
        <EdgeDesc>Arrow</EdgeDesc>
        <Begin>8.EE.6</Begin>
        <End>8.F.3</End>
    </row>
    <row>
        <EdgeDesc>Arrow</EdgeDesc>
        <Begin>8.EE.6</Begin>
        <End>A1.2.1.1</End>
    </row>
    <row>
        <EdgeDesc>Arrow</EdgeDesc>
        <Begin>8.EE.6</Begin>
        <End>G.1.7.2</End>
    </row>
    <row>
        <EdgeDesc>Nondirectional link</EdgeDesc>
        <Begin>8.EE.7.a</Begin>
        <End>8.EE.7.b</End>
    </row>
    <row>
        <EdgeDesc>Nondirectional link</EdgeDesc>
        <Begin>8.EE.7.b</Begin>
        <End>8.SP.3</End>
    </row>
    <row>
        <EdgeDesc>Arrow</EdgeDesc>
        <Begin>8.EE.7.b</Begin>
        <End>A1.2.3.4||linear</End>
    </row>
    <row>
        <EdgeDesc>Arrow</EdgeDesc>
        <Begin>8.EE.7.b</Begin>
        <End>A1.2.3.7</End>
    </row>
    <row>
        <EdgeDesc>Arrow</EdgeDesc>
        <Begin>8.EE.8</Begin>
        <End>A1.2.3.6</End>
    </row>
    <row>
        <EdgeDesc>Arrow</EdgeDesc>
        <Begin>8.EE.8.a</Begin>
        <End>A1.2.1.1</End>
    </row>
    <row>
        <EdgeDesc>Arrow</EdgeDesc>
        <Begin>8.F.1</Begin>
        <End>8.F.2</End>
    </row>
    <row>
        <EdgeDesc>Arrow</EdgeDesc>
        <Begin>8.F.1</Begin>
        <End>8.F.3</End>
    </row>
    <row>
        <EdgeDesc>Arrow</EdgeDesc>
        <Begin>8.F.1</Begin>
        <End>8.F.5</End>
    </row>
    <row>
        <EdgeDesc>Arrow</EdgeDesc>
        <Begin>8.F.1</Begin>
        <End>A1.3.1.1</End>
    </row>
    <row>
        <EdgeDesc>Arrow</EdgeDesc>
        <Begin>8.F.2</Begin>
        <End>8.F.3</End>
    </row>
    <row>
        <EdgeDesc>Arrow</EdgeDesc>
        <Begin>8.F.2</Begin>
        <End>8.F.5</End>
    </row>
    <row>
        <EdgeDesc>Arrow</EdgeDesc>
        <Begin>8.F.2</Begin>
        <End>A1.3.1.3</End>
    </row>
    <row>
        <EdgeDesc>Arrow</EdgeDesc>
        <Begin>8.F.3</Begin>
        <End>8.F.4</End>
    </row>
    <row>
        <EdgeDesc>Arrow</EdgeDesc>
        <Begin>8.F.3</Begin>
        <End>8.F.5</End>
    </row>
    <row>
        <EdgeDesc>Arrow</EdgeDesc>
        <Begin>8.F.3</Begin>
        <End>A1.3.1.3</End>
    </row>
    <row>
        <EdgeDesc>Arrow</EdgeDesc>
        <Begin>8.F.3</Begin>
        <End>A1.3.2.1</End>
    </row>
    <row>
        <EdgeDesc>Arrow</EdgeDesc>
        <Begin>8.F.4</Begin>
        <End>A1.3.2.1</End>
    </row>
    <row>
        <EdgeDesc>Arrow</EdgeDesc>
        <Begin>8.F.4</Begin>
        <End>A1.3.2.2</End>
    </row>
    <row>
        <EdgeDesc>Nondirectional link</EdgeDesc>
        <Begin>8.F.5</Begin>
        <End>8.F.4</End>
    </row>
    <row>
        <EdgeDesc>Arrow</EdgeDesc>
        <Begin>8.F.5</Begin>
        <End>A1.3.1.7</End>
    </row>
    <row>
        <EdgeDesc>Arrow</EdgeDesc>
        <Begin>8.G.1</Begin>
        <End>8.G.2</End>
    </row>
    <row>
        <EdgeDesc>Arrow</EdgeDesc>
        <Begin>8.G.1</Begin>
        <End>8.G.3</End>
    </row>
    <row>
        <EdgeDesc>Arrow</EdgeDesc>
        <Begin>8.G.1</Begin>
        <End>G.1.1.2</End>
    </row>
    <row>
        <EdgeDesc>Arrow</EdgeDesc>
        <Begin>8.G.2</Begin>
        <End>8.G.4</End>
    </row>
    <row>
        <EdgeDesc>Arrow</EdgeDesc>
        <Begin>8.G.2</Begin>
        <End>8.G.5</End>
    </row>
    <row>
        <EdgeDesc>Arrow</EdgeDesc>
        <Begin>8.G.2</Begin>
        <End>G.1.1.5</End>
    </row>
    <row>
        <EdgeDesc>Arrow</EdgeDesc>
        <Begin>8.G.3</Begin>
        <End>8.G.4</End>
    </row>
    <row>
        <EdgeDesc>Arrow</EdgeDesc>
        <Begin>8.G.3</Begin>
        <End>G.1.7.1</End>
    </row>
    <row>
        <EdgeDesc>Arrow</EdgeDesc>
        <Begin>8.G.4</Begin>
        <End>8.G.5</End>
    </row>
    <row>
        <EdgeDesc>Arrow</EdgeDesc>
        <Begin>8.G.4</Begin>
        <End>G.1.5.2||general figures</End>
    </row>
    <row>
        <EdgeDesc>Arrow</EdgeDesc>
        <Begin>8.G.5</Begin>
        <End>8.EE.6</End>
    </row>
    <row>
        <EdgeDesc>Arrow</EdgeDesc>
        <Begin>8.G.5</Begin>
        <End>G.1.3.1</End>
    </row>
    <row>
        <EdgeDesc>Arrow</EdgeDesc>
        <Begin>8.G.5</Begin>
        <End>G.1.3.2||triangle sum</End>
    </row>
    <row>
        <EdgeDesc>Arrow</EdgeDesc>
        <Begin>8.G.5</Begin>
        <End>G.1.5.3</End>
    </row>
    <row>
        <EdgeDesc>Nondirectional link</EdgeDesc>
        <Begin>8.G.6</Begin>
        <End>8.G.7</End>
    </row>
    <row>
        <EdgeDesc>Arrow</EdgeDesc>
        <Begin>8.G.6</Begin>
        <End>G.1.5.4</End>
    </row>
    <row>
        <EdgeDesc>Arrow</EdgeDesc>
        <Begin>8.G.7</Begin>
        <End>8.G.8</End>
    </row>
    <row>
        <EdgeDesc>Arrow</EdgeDesc>
        <Begin>8.G.7</Begin>
        <End>G.2.1.3</End>
    </row>
    <row>
        <EdgeDesc>Arrow</EdgeDesc>
        <Begin>8.G.8</Begin>
        <End>A2.1.2.2||derive</End>
    </row>
    <row>
        <EdgeDesc>Arrow</EdgeDesc>
        <Begin>8.G.8</Begin>
        <End>G.1.7.4</End>
    </row>
    <row>
        <EdgeDesc>Arrow</EdgeDesc>
        <Begin>8.G.9</Begin>
        <End>G.3.3.1</End>
    </row>
    <row>
        <EdgeDesc>Arrow</EdgeDesc>
        <Begin>8.G.9</Begin>
        <End>G.3.3.3</End>
    </row>
    <row>
        <EdgeDesc>Nondirectional link</EdgeDesc>
        <Begin>8.NS.1</Begin>
        <End>8.EE.2</End>
    </row>
    <row>
        <EdgeDesc>Nondirectional link</EdgeDesc>
        <Begin>8.NS.1</Begin>
        <End>8.NS.2</End>
    </row>
    <row>
        <EdgeDesc>Arrow</EdgeDesc>
        <Begin>8.NS.1</Begin>
        <End>A1.1.2.1</End>
    </row>
    <row>
        <EdgeDesc>Nondirectional link</EdgeDesc>
        <Begin>8.NS.2</Begin>
        <End>8.EE.2</End>
    </row>
    <row>
        <EdgeDesc>Arrow</EdgeDesc>
        <Begin>8.SP.1</Begin>
        <End>8.SP.2</End>
    </row>
    <row>
        <EdgeDesc>Arrow</EdgeDesc>
        <Begin>8.SP.1</Begin>
        <End>A1.4.2.2</End>
    </row>
    <row>
        <EdgeDesc>Nondirectional link</EdgeDesc>
        <Begin>8.SP.2</Begin>
        <End>8.F.4</End>
    </row>
    <row>
        <EdgeDesc>Arrow</EdgeDesc>
        <Begin>8.SP.2</Begin>
        <End>8.SP.3</End>
    </row>
    <row>
        <EdgeDesc>Nondirectional link</EdgeDesc>
        <Begin>8.SP.3</Begin>
        <End>8.F.4</End>
    </row>
    <row>
        <EdgeDesc>Arrow</EdgeDesc>
        <Begin>8.SP.3</Begin>
        <End>A1.4.2.3</End>
    </row>
    <row>
        <EdgeDesc>Arrow</EdgeDesc>
        <Begin>8.SP.4</Begin>
        <End>A1.4.2.1</End>
    </row>
    <row>
        <EdgeDesc>Nondirectional link</EdgeDesc>
        <Begin>A1.1.1.1</Begin>
        <End>A1.1.1.2</End>
    </row>
    <row>
        <EdgeDesc>Nondirectional link</EdgeDesc>
        <Begin>A1.1.1.2</Begin>
        <End>A1.2.4.1||numerical</End>
    </row>
    <row>
        <EdgeDesc>Arrow</EdgeDesc>
        <Begin>A1.1.1.2</Begin>
        <End>A2.1.5.2</End>
    </row>
    <row>
        <EdgeDesc>Arrow</EdgeDesc>
        <Begin>A1.2.1.1</Begin>
        <End>A1.2.1.2</End>
    </row>
    <row>
        <EdgeDesc>Arrow</EdgeDesc>
        <Begin>A1.2.1.1</Begin>
        <End>A1.2.3.5</End>
    </row>
    <row>
        <EdgeDesc>Arrow</EdgeDesc>
        <Begin>A1.2.1.1</Begin>
        <End>A2.1.2.1</End>
    </row>
    <row>
        <EdgeDesc>Arrow</EdgeDesc>
        <Begin>A1.2.1.2</Begin>
        <End>A1.2.3.6</End>
    </row>
    <row>
        <EdgeDesc>Arrow</EdgeDesc>
        <Begin>A1.2.2.1</Begin>
        <End>A2.1.5.1||rational</End>
    </row>
    <row>
        <EdgeDesc>Nondirectional link</EdgeDesc>
        <Begin>A1.2.2.2</Begin>
        <End>A1.2.2.1</End>
    </row>
    <row>
        <EdgeDesc>Arrow</EdgeDesc>
        <Begin>A1.2.2.2</Begin>
        <End>A1.2.3.4||quadratic</End>
    </row>
    <row>
        <EdgeDesc>Arrow</EdgeDesc>
        <Begin>A1.2.2.2</Begin>
        <End>A1.3.2.1</End>
    </row>
    <row>
        <EdgeDesc>Arrow</EdgeDesc>
        <Begin>A1.2.2.2</Begin>
        <End>A2.1.2.7</End>
    </row>
    <row>
        <EdgeDesc>Arrow</EdgeDesc>
        <Begin>A1.2.2.2</Begin>
        <End>A2.1.4.1</End>
    </row>
    <row>
        <EdgeDesc>Arrow</EdgeDesc>
        <Begin>A1.2.2.2.a</Begin>
        <End>A2.1.2.2||complete square</End>
    </row>
    <row>
        <EdgeDesc>Arrow</EdgeDesc>
        <Begin>A1.2.2.2||inspection, taking roots, factoring</Begin>
        <End>A1.2.2.2</End>
    </row>
    <row>
        <EdgeDesc>Nondirectional link</EdgeDesc>
        <Begin>A1.2.3.3</Begin>
        <End>A1.2.3.4||quadratic</End>
    </row>
    <row>
        <EdgeDesc>Nondirectional link</EdgeDesc>
        <Begin>A1.2.3.3</Begin>
        <End>A1.2.3.6</End>
    </row>
    <row>
        <EdgeDesc>Nondirectional link</EdgeDesc>
        <Begin>A1.2.3.4||linear</Begin>
        <End>A1.2.3.3</End>
    </row>
    <row>
        <EdgeDesc>Arrow</EdgeDesc>
        <Begin>A1.2.3.5</Begin>
        <End>A1.2.3.6</End>
    </row>
    <row>
        <EdgeDesc>Nondirectional link</EdgeDesc>
        <Begin>A1.2.3.7</Begin>
        <End>A1.2.3.6</End>
    </row>
    <row>
        <EdgeDesc>Nondirectional link</EdgeDesc>
        <Begin>A1.2.4.1</Begin>
        <End>A1.2.2.2</End>
    </row>
    <row>
        <EdgeDesc>Nondirectional link</EdgeDesc>
        <Begin>A1.2.4.1</Begin>
        <End>A1.2.2.2||inspection, taking roots, factoring</End>
    </row>
    <row>
        <EdgeDesc>Nondirectional link</EdgeDesc>
        <Begin>A1.2.4.1</Begin>
        <End>A1.2.4.1||numerical</End>
    </row>
    <row>
        <EdgeDesc>Nondirectional link</EdgeDesc>
        <Begin>A1.2.4.1</Begin>
        <End>A1.2.4.2</End>
    </row>
    <row>
        <EdgeDesc>Nondirectional link</EdgeDesc>
        <Begin>A1.2.4.1</Begin>
        <End>A1.2.4.3</End>
    </row>
    <row>
        <EdgeDesc>Arrow</EdgeDesc>
        <Begin>7.EE.1</Begin>
        <End>A1.2.4.2</End>
    </row>
    <row>
        <EdgeDesc>Arrow</EdgeDesc>
        <Begin>7.EE.2</Begin>
        <End>A1.2.4.2</End>
    </row>
    <row>
        <EdgeDesc>Arrow</EdgeDesc>
        <Begin>7.EE.1</Begin>
        <End>A1.2.4.3</End>
    </row>
    <row>
        <EdgeDesc>Arrow</EdgeDesc>
        <Begin>7.EE.2</Begin>
        <End>A1.2.4.3</End>
    </row>
    <row>
        <EdgeDesc>Arrow</EdgeDesc>
        <Begin>A1.2.4.4</Begin>
        <End>A1.2.2.2||inspection, taking roots, factoring</End>
    </row>
    <row>
        <EdgeDesc>Arrow</EdgeDesc>
        <Begin>A1.2.4.4</Begin>
        <End>A1.2.4.1</End>
    </row>
    <row>
        <EdgeDesc>Arrow</EdgeDesc>
        <Begin>A1.2.4.4</Begin>
        <End>A2.1.3.1||+ - *</End>
    </row>
    <row>
        <EdgeDesc>Arrow</EdgeDesc>
        <Begin>A1.3.1.1</Begin>
        <End>A1.3.1.2</End>
    </row>
    <row>
        <EdgeDesc>Arrow</EdgeDesc>
        <Begin>A1.3.1.1</Begin>
        <End>A1.3.1.3</End>
    </row>
    <row>
        <EdgeDesc>Arrow</EdgeDesc>
        <Begin>A1.3.1.1,2</Begin>
        <End>G.1.1.2</End>
    </row>
    <row>
        <EdgeDesc>Arrow</EdgeDesc>
        <Begin>A1.3.1.2</Begin>
        <End>A1.3.2.2</End>
    </row>
    <row>
        <EdgeDesc>Arrow</EdgeDesc>
        <Begin>A1.3.1.2</Begin>
        <End>A2.2.1.1</End>
    </row>
    <row>
        <EdgeDesc>Arrow</EdgeDesc>
        <Begin>A1.3.1.3</Begin>
        <End>A1.3.1.5</End>
    </row>
    <row>
        <EdgeDesc>Arrow</EdgeDesc>
        <Begin>A1.3.1.3</Begin>
        <End>A1.3.1.6</End>
    </row>
    <row>
        <EdgeDesc>Arrow</EdgeDesc>
        <Begin>A1.3.1.3</Begin>
        <End>A2.2.1.2</End>
    </row>
    <row>
        <EdgeDesc>Arrow</EdgeDesc>
        <Begin>A1.3.1.4</Begin>
        <End>A2.2.1.3</End>
    </row>
    <row>
        <EdgeDesc>Arrow</EdgeDesc>
        <Begin>A1.3.1.5</Begin>
        <End>A1.3.1.4</End>
    </row>
    <row>
        <EdgeDesc>Arrow</EdgeDesc>
        <Begin>A1.3.1.5</Begin>
        <End>A1.3.1.7</End>
    </row>
    <row>
        <EdgeDesc>Arrow</EdgeDesc>
        <Begin>A1.3.1.5</Begin>
        <End>A2.2.1.4</End>
    </row>
    <row>
        <EdgeDesc>Arrow</EdgeDesc>
        <Begin>A1.3.1.6</Begin>
        <End>A2.2.1.5</End>
    </row>
    <row>
        <EdgeDesc>Nondirectional link</EdgeDesc>
        <Begin>A1.3.1.7</Begin>
        <End>A1.3.2.2</End>
    </row>
    <row>
        <EdgeDesc>Arrow</EdgeDesc>
        <Begin>A1.3.1.7</Begin>
        <End>A2.2.1.7</End>
    </row>
    <row>
        <EdgeDesc>Nondirectional link</EdgeDesc>
        <Begin>A1.3.2.1</Begin>
        <End>A1.3.1.7</End>
    </row>
    <row>
        <EdgeDesc>Nondirectional link</EdgeDesc>
        <Begin>A1.3.2.1</Begin>
        <End>A1.3.2.2</End>
    </row>
    <row>
        <EdgeDesc>Arrow</EdgeDesc>
        <Begin>A1.3.2.2</Begin>
        <End>A2.2.4.3</End>
    </row>
    <row>
        <EdgeDesc>Nondirectional link</EdgeDesc>
        <Begin>A1.4.1.2</Begin>
        <End>A1.4.1.3</End>
    </row>
    <row>
        <EdgeDesc>Nondirectional link</EdgeDesc>
        <Begin>A1.4.2.1</Begin>
        <End>A1.4.2.4||categorical data</End>
    </row>
    <row>
        <EdgeDesc>Arrow</EdgeDesc>
        <Begin>A1.4.2.2</Begin>
        <End>A1.4.2.3</End>
    </row>
    <row>
        <EdgeDesc>Nondirectional link</EdgeDesc>
        <Begin>A1.4.2.3</Begin>
        <End>A1.4.2.4||measurement data</End>
    </row>
    <row>
        <EdgeDesc>Nondirectional link</EdgeDesc>
        <Begin>A1.4.2.4||measurement data</Begin>
        <End>A1.4.2.4||categorical data</End>
    </row>
    <row>
        <EdgeDesc>Arrow</EdgeDesc>
        <Begin>A2.1.2.1</Begin>
        <End>A2.1.2.2||derive</End>
    </row>
    <row>
        <EdgeDesc>Arrow</EdgeDesc>
        <Begin>A2.1.2.1</Begin>
        <End>A2.1.2.7</End>
    </row>
    <row>
        <EdgeDesc>Arrow</EdgeDesc>
        <Begin>A2.1.2.1</Begin>
        <End>A2.2.1.6</End>
    </row>
    <row>
        <EdgeDesc>Arrow</EdgeDesc>
        <Begin>A2.1.2.2||derive</Begin>
        <End>A2.1.2.2||complete square</End>
    </row>
    <row>
        <EdgeDesc>Arrow</EdgeDesc>
        <Begin>A2.1.2.2||derive</Begin>
        <End>A2.1.2.8</End>
    </row>
    <row>
        <EdgeDesc>Nondirectional link</EdgeDesc>
        <Begin>A2.1.2.7</Begin>
        <End>A2.1.2.8</End>
    </row>
    <row>
        <EdgeDesc>Arrow</EdgeDesc>
        <Begin>A2.1.3.1||+ - *</Begin>
        <End>A2.1.3.3</End>
    </row>
    <row>
        <EdgeDesc>Arrow</EdgeDesc>
        <Begin>A2.1.3.1||+ - *</Begin>
        <End>A2.1.3.4</End>
    </row>
    <row>
        <EdgeDesc>Arrow</EdgeDesc>
        <Begin>A2.1.3.1||+ - *</Begin>
        <End>A2.1.3.5</End>
    </row>
    <row>
        <EdgeDesc>Nondirectional link</EdgeDesc>
        <Begin>A2.1.3.2</Begin>
        <End>A2.1.3.3</End>
    </row>
    <row>
        <EdgeDesc>Nondirectional link</EdgeDesc>
        <Begin>A2.1.3.2</Begin>
        <End>A2.2.4.2</End>
    </row>
    <row>
        <EdgeDesc>Nondirectional link</EdgeDesc>
        <Begin>A2.1.3.3</Begin>
        <End>A2.1.3.4</End>
    </row>
    <row>
        <EdgeDesc>Nondirectional link</EdgeDesc>
        <Begin>A2.1.3.3</Begin>
        <End>A2.1.3.5</End>
    </row>
    <row>
        <EdgeDesc>Nondirectional link</EdgeDesc>
        <Begin>A2.1.3.3</Begin>
        <End>A2.2.2.1</End>
    </row>
    <row>
        <EdgeDesc>Arrow</EdgeDesc>
        <Begin>A2.1.4.1</Begin>
        <End>A2.1.4.2</End>
    </row>
    <row>
        <EdgeDesc>Nondirectional link</EdgeDesc>
        <Begin>A2.1.5.1||rational</Begin>
        <End>A2.1.5.2</End>
    </row>
    <row>
        <EdgeDesc>Arrow</EdgeDesc>
        <Begin>A2.1.5.1||rational</Begin>
        <End>A2.2.2.2</End>
    </row>
    <row>
        <EdgeDesc>Arrow</EdgeDesc>
        <Begin>A2.1.5.1||rational</Begin>
        <End>A2.2.4.5</End>
    </row>
    <row>
        <EdgeDesc>Arrow</EdgeDesc>
        <Begin>A2.2.1.1</Begin>
        <End>A2.2.1.2</End>
    </row>
    <row>
        <EdgeDesc>Arrow</EdgeDesc>
        <Begin>A2.2.1.1</Begin>
        <End>A2.2.1.5</End>
    </row>
    <row>
        <EdgeDesc>Arrow</EdgeDesc>
        <Begin>A2.2.1.2</Begin>
        <End>A2.2.1.3</End>
    </row>
    <row>
        <EdgeDesc>Arrow</EdgeDesc>
        <Begin>A2.2.1.2</Begin>
        <End>A2.2.1.4</End>
    </row>
    <row>
        <EdgeDesc>Arrow</EdgeDesc>
        <Begin>A2.2.1.2</Begin>
        <End>A2.2.4.1</End>
    </row>
    <row>
        <EdgeDesc>Nondirectional link</EdgeDesc>
        <Begin>A2.2.1.3</Begin>
        <End>A2.2.1.4</End>
    </row>
    <row>
        <EdgeDesc>Arrow</EdgeDesc>
        <Begin>A2.2.1.3</Begin>
        <End>A2.2.4.1</End>
    </row>
    <row>
        <EdgeDesc>Arrow</EdgeDesc>
        <Begin>A2.2.1.5</Begin>
        <End>A2.2.4.3</End>
    </row>
    <row>
        <EdgeDesc>Nondirectional link</EdgeDesc>
        <Begin>A2.2.1.6</Begin>
        <End>A2.1.5.1||rational</End>
    </row>
    <row>
        <EdgeDesc>Arrow</EdgeDesc>
        <Begin>A2.2.1.7</Begin>
        <End>A2.2.4.1</End>
    </row>
    <row>
        <EdgeDesc>Nondirectional link</EdgeDesc>
        <Begin>A2.2.2.1</Begin>
        <End>A2.2.2.2</End>
    </row>
    <row>
        <EdgeDesc>Nondirectional link</EdgeDesc>
        <Begin>A2.2.2.1</Begin>
        <End>A2.2.4.1</End>
    </row>
    <row>
        <EdgeDesc>Arrow</EdgeDesc>
        <Begin>A2.2.2.1</Begin>
        <End>A2.2.4.3</End>
    </row>
    <row>
        <EdgeDesc>Arrow</EdgeDesc>
        <Begin>A2.2.2.2</Begin>
        <End>A2.2.2.3</End>
    </row>
    <row>
        <EdgeDesc>Nondirectional link</EdgeDesc>
        <Begin>A2.2.4.1</Begin>
        <End>A2.2.2.2</End>
    </row>
    <row>
        <EdgeDesc>Arrow</EdgeDesc>
        <Begin>A2.2.4.1</Begin>
        <End>A2.2.4.3</End>
    </row>
    <row>
        <EdgeDesc>Nondirectional link</EdgeDesc>
        <Begin>A2.2.4.2</Begin>
        <End>A2.2.4.1</End>
    </row>
    <row>
        <EdgeDesc>Arrow</EdgeDesc>
        <Begin>A2.2.4.2</Begin>
        <End>A2.2.4.3</End>
    </row>
    <row>
        <EdgeDesc>Nondirectional link</EdgeDesc>
        <Begin>A2.2.4.3</Begin>
        <End>A2.1.3.11</End>
    </row>
    <row>
        <EdgeDesc>Nondirectional link</EdgeDesc>
        <Begin>A2.2.4.3</Begin>
        <End>A2.2.4.4</End>
    </row>
    <row>
        <EdgeDesc>Arrow</EdgeDesc>
        <Begin>G.1.1.1</Begin>
        <End>G.1.1.2</End>
    </row>
    <row>
        <EdgeDesc>Arrow</EdgeDesc>
        <Begin>G.1.1.2</Begin>
        <End>G.1.1.3</End>
    </row>
    <row>
        <EdgeDesc>Arrow</EdgeDesc>
        <Begin>G.1.1.2</Begin>
        <End>G.1.1.4</End>
    </row>
    <row>
        <EdgeDesc>Arrow</EdgeDesc>
        <Begin>G.1.1.4</Begin>
        <End>G.1.1.5</End>
    </row>
    <row>
        <EdgeDesc>Arrow</EdgeDesc>
        <Begin>G.1.1.5</Begin>
        <End>G.1.2.1||decide</End>
    </row>
    <row>
        <EdgeDesc>Arrow</EdgeDesc>
        <Begin>G.1.1.5</Begin>
        <End>G.1.2.1||transform, predict</End>
    </row>
    <row>
        <EdgeDesc>Arrow</EdgeDesc>
        <Begin>G.1.2.1||decide</Begin>
        <End>G.1.2.2</End>
    </row>
    <row>
        <EdgeDesc>Arrow</EdgeDesc>
        <Begin>G.1.2.1||decide</Begin>
        <End>G.1.3.1</End>
    </row>
    <row>
        <EdgeDesc>Arrow</EdgeDesc>
        <Begin>G.1.2.1||transform, predict</Begin>
        <End>G.1.2.1||decide</End>
    </row>
    <row>
        <EdgeDesc>Arrow</EdgeDesc>
        <Begin>G.1.2.2</Begin>
        <End>G.1.2.3</End>
    </row>
    <row>
        <EdgeDesc>Arrow</EdgeDesc>
        <Begin>G.1.2.3</Begin>
        <End>G.1.3.2||other</End>
    </row>
    <row>
        <EdgeDesc>Arrow</EdgeDesc>
        <Begin>G.1.2.3</Begin>
        <End>G.1.3.2||triangle sum</End>
    </row>
    <row>
        <EdgeDesc>Arrow</EdgeDesc>
        <Begin>G.1.3.1</Begin>
        <End>G.1.3.2||other</End>
    </row>
    <row>
        <EdgeDesc>Arrow</EdgeDesc>
        <Begin>G.1.3.1</Begin>
        <End>G.1.3.2||triangle sum</End>
    </row>
    <row>
        <EdgeDesc>Arrow</EdgeDesc>
        <Begin>G.1.3.2||other</Begin>
        <End>G.1.3.3</End>
    </row>
    <row>
        <EdgeDesc>Arrow</EdgeDesc>
        <Begin>G.1.3.2||other</Begin>
        <End>G.1.5.4</End>
    </row>
    <row>
        <EdgeDesc>Arrow</EdgeDesc>
        <Begin>G.1.3.2||triangle sum</Begin>
        <End>G.1.3.3</End>
    </row>
    <row>
        <EdgeDesc>Arrow</EdgeDesc>
        <Begin>G.1.3.2||triangle sum</Begin>
        <End>G.2.1.2</End>
    </row>
    <row>
        <EdgeDesc>Arrow</EdgeDesc>
        <Begin>G.1.3.3</Begin>
        <End>G.1.5.5</End>
    </row>
    <row>
        <EdgeDesc>Arrow</EdgeDesc>
        <Begin>G.1.4.1</Begin>
        <End>G.1.4.2</End>
    </row>
    <row>
        <EdgeDesc>Arrow</EdgeDesc>
        <Begin>G.1.5.1.a</Begin>
        <End>G.1.5.1.b</End>
    </row>
    <row>
        <EdgeDesc>Arrow</EdgeDesc>
        <Begin>G.1.5.1.b</Begin>
        <End>G.1.5.2||general figures</End>
    </row>
    <row>
        <EdgeDesc>Arrow</EdgeDesc>
        <Begin>G.1.5.2||general figures</Begin>
        <End>G.1.5.2||triangles</End>
    </row>
    <row>
        <EdgeDesc>Arrow</EdgeDesc>
        <Begin>G.1.5.2||triangles</Begin>
        <End>G.1.5.3</End>
    </row>
    <row>
        <EdgeDesc>Arrow</EdgeDesc>
        <Begin>G.1.5.2||triangles</Begin>
        <End>G.2.1.1</End>
    </row>
    <row>
        <EdgeDesc>Arrow</EdgeDesc>
        <Begin>G.1.5.3</Begin>
        <End>G.1.5.4</End>
    </row>
    <row>
        <EdgeDesc>Arrow</EdgeDesc>
        <Begin>G.1.5.3</Begin>
        <End>G.1.7.2</End>
    </row>
    <row>
        <EdgeDesc>Arrow</EdgeDesc>
        <Begin>G.1.5.4</Begin>
        <End>G.1.5.5</End>
    </row>
    <row>
        <EdgeDesc>Arrow</EdgeDesc>
        <Begin>G.1.5.5</Begin>
        <End>G.3.3.3</End>
    </row>
    <row>
        <EdgeDesc>Arrow</EdgeDesc>
        <Begin>G.1.6.5</Begin>
        <End>A2.2.3.1</End>
    </row>
    <row>
        <EdgeDesc>Nondirectional link</EdgeDesc>
        <Begin>G.1.7.1</Begin>
        <End>G.1.7.3</End>
    </row>
    <row>
        <EdgeDesc>Arrow</EdgeDesc>
        <Begin>G.1.7.2</Begin>
        <End>G.1.7.1</End>
    </row>
    <row>
        <EdgeDesc>Arrow</EdgeDesc>
        <Begin>G.1.7.2</Begin>
        <End>G.1.7.3</End>
    </row>
    <row>
        <EdgeDesc>Arrow</EdgeDesc>
        <Begin>G.1.7.4</Begin>
        <End>G.3.3.3</End>
    </row>
    <row>
        <EdgeDesc>Arrow</EdgeDesc>
        <Begin>G.2.1.1</Begin>
        <End>G.2.1.2</End>
    </row>
    <row>
        <EdgeDesc>Arrow</EdgeDesc>
        <Begin>G.2.1.2</Begin>
        <End>G.2.1.3</End>
    </row>
    <row>
        <EdgeDesc>Arrow</EdgeDesc>
        <Begin>G.2.1.3</Begin>
        <End>G.3.3.3</End>
    </row>
    <row>
        <EdgeDesc>Arrow</EdgeDesc>
        <Begin>G.3.1.3</Begin>
        <End>G.3.3.2</End>
    </row>
    <row>
        <EdgeDesc>Nondirectional link</EdgeDesc>
        <Begin>G.3.3.1</Begin>
        <End>G.3.1.3</End>
    </row>
    <row>
        <EdgeDesc>Arrow</EdgeDesc>
        <Begin>G.3.3.1</Begin>
        <End>G.3.3.2</End>
    </row>
    <row>
        <EdgeDesc>Arrow</EdgeDesc>
        <Begin>G.3.3.2</Begin>
        <End>G.3.3.3</End>
    </row>
</root>